Actual_Demand,Predicted_Demand
12.92,13.387386666666666
2.67,2.63983333333333
2.13,11.129266666666659
39.12,36.051149999999986
3.41,2.8478733333333333
22.3,20.633467857142847
51.5,46.33254999999998
6.4,5.907374999999998
11.21,15.236499999999996
30.29,19.596132802789754
5.8,7.72226666666666
4.63,7.626340000000007
9.17,17.385311309523814
41.42,39.394699999999986
37.17,37.82819999999998
4.9,4.8055116666666695
12.67,22.99977666666668
18.18,14.743958333333337
17.1,21.468466666666657
64.21,40.45380000000001
10.39,9.470949999999998
19.91,28.447259999999982
3.98,3.719586666666668
14.14,13.088818571428572
5.01,7.335443333333328
24.1,22.616708571428568
21.5,15.371525000000004
11.2,10.790700595238091
41.58,40.36594285714285
1.32,10.49932833333334
25.02,12.33902166666666
12.9,10.46527000000001
17.2,16.16442500000001
42.18,38.781483333333334
18.4,15.64012690476191
25.83,26.442099999999986
11.2,12.438000000000006
36.76,26.847206666666676
10.42,14.249882878787883
11.7,10.892436666666667
9.82,18.9684751984127
60.17,40.93958190476184
30.79,24.934900000000013
7.2,6.57359
38.33,37.229599999999934
26.12,25.230867865698606
15.6,16.920681666666653
29.74,28.542599999999982
11.2,10.165225000000007
25.5,22.983175714285707
2.3,3.4456333333333338
9.93,16.46540000000001
9.09,9.871030555555556
12.3,13.088489999999995
17.84,18.201915000000014
6.8,6.1677304761904805
8.9,7.916736666666662
16.53,16.190741666666664
10.2,9.85436666666668
12.1,7.645316666666672
7.0,7.15503952380952
37.46,18.106099999999998
7.92,14.123350000000023
37.9,37.396964999999966
5.62,5.254008333333331
22.4,21.36289999999998
21.9,16.459797142857138
30.3,27.464958333333346
6.16,11.298486666666657
10.05,11.567102380952376
4.1,31.40465666666668
39.81,39.82743333333337
0.02,1.8931376190476188
15.59,14.100300714285725
10.94,11.129840000000007
23.58,17.60059999999999
17.75,26.874399999999987
6.87,11.801774999999989
10.27,9.53865833333333
12.72,11.329387777777786
10.7,9.69649666666667
7.55,11.694199999999988
20.76,19.396569999999976
12.45,20.72618333333331
1.5,2.972266666666666
5.04,5.048149999999999
26.1,23.884749999999993
21.73,20.61718095238095
8.44,6.157393333333334
14.93,17.632563333333334
2.96,27.855900000000005
3.06,3.74035
19.11,5.335000714285712
8.88,12.791784999999987
24.31,24.82951714285715
10.87,10.988143333333339
23.03,25.79671333333333
4.4,4.643213333333331
34.16,22.11124333333335
0.29,0.31222666666666704
7.9,6.345781666666662
16.88,32.577393333333305
14.85,16.07464500000001
7.7,6.96388
13.19,12.147233333333334
13.8,13.719241666666665
20.14,17.10936833333335
11.8,21.304408571428564
44.19,39.014700000000005
18.37,18.373836904761905
2.1,3.707869047619044
37.53,27.80203857142858
4.46,4.551900000000001
15.6,15.101925000000005
20.0,15.496331666666684
5.48,4.448258333333336
23.6,30.81960000000002
10.6,9.046148333333342
17.77,19.416553809523823
4.0,7.170449999999989
9.7,10.04284166666668
23.11,21.346851666666634
18.4,20.29595431096818
19.77,17.56098547619048
13.04,17.66632994588745
26.19,23.40809999999999
20.39,24.761916263888047
13.25,10.77679333333333
37.3,35.821283333333355
23.2,23.729976666666666
23.0,20.393699999999985
0.6,3.1801249999999985
2.99,11.194738452380953
46.33,44.17011666666671
26.77,23.30292083333334
50.04,46.2283
17.0,18.100456666666684
41.4,39.72012000000001
17.41,17.111419999999995
5.39,3.3513466666666702
19.04,18.295033333333343
18.6,20.53455830547763
44.7,19.078000000000003
23.96,37.72039999999997
21.13,18.153980000000004
10.2,10.10229349206349
6.3,5.642058333333333
7.24,6.917090000000005
25.01,32.07825623015874
31.49,30.59225833333335
17.12,9.893126071428577
5.69,10.594199999999992
13.44,30.882399999999993
8.16,11.075433333333335
2.37,3.0265000000000013
1.98,3.0682299999999976
29.35,32.17059999999998
28.77,17.42108666666665
1.1,1.6255999999999993
26.27,23.500204826526133
10.0,10.302400000000008
7.31,7.5603092857142915
20.51,23.38943333333335
33.82,21.68100000000001
20.95,18.25153333333332
3.57,3.45335
11.01,12.589333333333338
14.72,17.36315047619046
23.45,22.948249999999998
21.1,18.24119999999999
13.4,23.98237507724304
7.35,4.643365714285715
10.48,12.853399999999992
56.14,46.26351666666669
28.4,27.741741666666694
27.9,26.47363333333331
6.2,4.493037857142854
12.59,9.423566666666662
11.16,11.329997619047624
9.5,23.342406666666683
8.9,9.561748333333332
16.73,16.317900000000016
9.8,13.587679999999999
0.85,0.47142666666666616
23.63,21.995899999999985
16.19,16.456158333333338
20.02,16.464603333333333
48.75,46.75370000000002
18.2,18.20000000000003
17.39,16.958591666666656
0.13,0.08170980158730162
32.9,38.96531666666669
10.92,9.356500000000004
24.65,33.96801000000003
22.06,26.130364126541654
5.96,6.542199999999995
7.38,5.9255666666666675
19.82,24.042249523809524
19.6,15.904200000000003
11.98,12.983743333333315
4.69,6.897861666666668
20.41,15.341746190476192
11.78,8.280300000000006
15.04,11.493088095238093
8.12,5.768355238095239
24.02,22.44013214285716
36.9,38.05787333333334
11.72,22.64611817460317
19.6,18.053506405217593
12.72,12.511799999999987
30.2,30.61234999999997
6.11,6.84756476190476
6.17,6.021425000000005
24.1,23.191000000000003
12.65,10.250560000000002
1.67,1.5543733333333318
22.4,22.97269166666666
33.56,31.313300000000016
14.23,10.748154523809523
47.95,46.90739999999996
25.07,38.04578999999998
3.13,6.961506666666663
45.69,43.885383333333294
45.42,45.2092
29.73,26.044500000000006
28.5,22.043633333333343
37.47,33.71180000000001
6.04,5.921900000000004
20.77,19.922383333333325
1.76,2.8491266666666677
25.46,26.197046190476186
4.6,4.1862900000000005
7.59,18.719211666666673
8.86,10.326723333333339
27.78,14.368133333333347
7.95,19.12330239815739
20.7,19.349033333333328
6.7,10.448499999999992
18.92,25.622300000000013
14.66,12.574866666666676
11.41,10.607633333333329
46.37,41.60589999999999
6.63,6.0941749999999955
7.95,7.194753333333331
14.96,14.780478333333333
9.6,7.930608333333338
19.4,16.7292
12.0,12.294659999999995
6.43,5.240866269841273
10.2,12.483699999999999
13.3,7.053611666666658
3.38,3.0753214285714323
6.65,6.997120000000008
3.4,5.6172
22.0,22.121705926824987
11.93,11.768374999999983
6.3,5.7494781746031745
12.9,11.703200000000002
49.62,46.808775000000026
14.57,14.535913333333333
32.78,25.899200000000004
29.3,26.990975000000002
8.15,10.891565
23.71,22.43215666666667
9.11,7.9599333333333275
5.4,5.95221738095238
4.11,4.051000000000004
10.0,9.02201666666667
6.8,7.076441666666664
3.1,4.010649999999999
6.1,6.438716666666662
33.2,25.581733333333336
19.1,18.519349999999992
15.0,12.028508333333336
10.96,10.140800000000011
10.68,21.97562837020608
6.27,14.533128571428577
33.7,23.037099999999974
15.22,8.715949999999987
22.51,22.033834880952387
11.64,10.158599999999982
4.75,5.065934999999993
3.84,7.731008333333331
26.34,27.149630389698224
12.64,16.62284000000001
5.45,8.403393333333337
36.55,36.653825000000005
15.2,10.420599999999995
24.02,29.03025000000001
8.18,6.157393333333334
3.8,11.035916666666658
17.8,18.207650000000005
34.0,29.409459999999996
11.69,9.699514999999995
24.04,16.860900000000015
20.7,19.272399999999994
30.4,29.856199999999987
29.4,27.743858333333336
21.0,15.698275
3.6,3.2952958333333346
6.96,7.070963809523813
6.22,10.603578571428573
36.9,41.7288
36.14,35.08111999999997
10.9,10.378200000000014
5.5,7.527120000000007
14.7,14.932099999999998
2.91,4.909949999999996
0.49,0.34511333333333327
19.0,14.492728961038967
11.15,10.612583333333335
17.42,15.607650000000008
9.26,9.992755555555561
9.58,6.945532857142858
3.53,5.0956433333333395
4.1,17.82288333333332
12.8,14.594658333333312
6.19,8.387446666666667
4.1,7.220716666666667
21.5,18.390613333333334
10.2,9.862592857142857
11.03,10.30583190476191
12.7,13.651790119047622
48.44,45.07489833333335
0.1,15.25912261904761
35.47,33.99989999999997
27.44,21.360037258868584
17.97,14.456702122502017
19.38,15.342399999999987
45.5,42.87806857142853
20.41,21.277513333333328
12.29,16.0498847222222
7.62,7.080104999999996
7.73,64.08230000000005
0.1,3.87738111111111
23.2,22.45200000000002
12.65,12.443331666666682
29.28,24.393600000000003
2.6,5.5545166666666725
20.73,21.797683333333325
20.74,19.983171666666664
19.3,18.752679999999987
12.2,13.37970166666667
15.27,14.276774166666673
18.2,14.955300000000024
17.92,21.39404999999998
8.36,7.263023333333332
7.43,4.290441666666672
9.63,22.627346666666668
22.3,23.099459841269844
35.16,29.828740000000018
4.58,3.50389761904762
4.87,9.481699999999996
9.31,8.304928571428578
22.4,23.65199999999998
22.31,21.42838499999998
6.32,17.328878800643814
13.49,11.373193333333342
1.6,1.5429999999999986
23.3,19.44936666666667
13.96,14.400875000000015
25.47,24.86321166666668
14.07,9.922606666666672
46.9,45.65216666666665
11.57,16.315
11.75,13.278799999999999
4.13,3.0413328571428555
3.89,6.7029166666666695
16.49,15.01190000000001
24.18,19.414476666666648
20.76,19.024916666666638
6.3,9.928603333333337
0.14,0.09346134920634926
40.43,39.237086666666634
13.52,26.013290000000005
6.1,5.886200000000005
14.33,19.06804488650382
7.83,9.791725000000008
33.26,12.546950000000015
22.3,23.679258333333337
3.72,3.3984633333333356
21.32,11.477116666666664
8.85,18.0333
32.14,31.67301999999998
26.0,17.697113333333334
9.1,11.530108333333322
0.14,0.11530162698412702
4.9,36.296599999999955
2.96,3.228299999999999
20.2,22.73967142857142
13.0,17.642746428571428
18.2,18.18432952380955
23.33,23.22578833333336
15.2,16.933654999999998
4.85,4.657683333333341
0.31,4.208083333333328
38.36,38.17224999999995
42.74,27.260822777777747
7.36,6.856622493894992
4.7,5.135657142857142
14.57,17.492137809909394
13.8,12.777433333333311
18.2,15.475631666666672
29.64,23.63445425022245
5.77,4.710800000000003
0.46,0.3382999999999997
28.09,28.018766666666657
46.2,45.826840000000004
22.17,29.215975714285722
12.43,10.55403333333333
28.0,37.22039999999997
12.56,11.525929999999994
20.02,13.156316666666683
16.39,21.818031666666656
56.46,38.984320000000004
18.26,20.20728739360691
20.47,20.421359999999986
15.08,14.56408166666667
8.54,7.691146666666668
46.9,48.590099999999985
5.22,5.540809999999999
8.0,9.766979999999988
2.14,4.018349999999995
2.08,2.0926816666666666
18.2,15.877036666666665
9.67,9.257872619047623
3.34,27.82974142857141
24.19,22.011735613275608
26.2,26.14359999999998
35.46,34.468500000000006
17.9,15.185378329725825
7.76,12.024873333333352
22.3,21.830123333333322
18.22,25.712774850778757
12.22,12.03426166666667
12.47,22.706200000000003
8.29,36.204849999999944
22.64,22.100075
28.01,24.084411666666682
22.8,22.07793333333334
10.81,10.066033333333344
2.01,0.7824000000000005
28.76,27.11659999999998
19.42,12.7014519047619
18.2,21.13181269841268
4.52,4.565699999999996
16.1,15.776900000000026
9.67,11.527299999999993
15.07,29.213923333333366
13.26,22.811800000000016
9.07,9.63377666666667
49.1,44.57859999999993
20.12,18.370400000000004
22.7,21.89470658730158
2.99,3.4606333333333357
15.9,29.832516666666635
41.45,21.80795802142303
20.87,20.288423174603178
28.9,27.53509999999999
28.84,23.62908835564062
0.2,0.2257333333333333
36.17,31.15620000000004
9.41,8.743268571428562
16.6,19.151499999999995
24.54,23.46417499999997
39.77,39.62734642857142
10.2,14.468900000000003
6.49,5.582249999999996
0.2,0.1233499999999999
7.57,13.671656190476188
19.6,12.459130000000005
9.21,9.128731666666663
3.0,2.6071500000000016
33.69,30.240937142857145
15.1,13.57950000000002
9.7,5.166074999999994
17.24,19.841256666666673
1.96,2.7208000000000023
9.15,8.374400000000009
3.44,5.081800000000001
3.77,5.74110666666667
11.17,11.253424999999993
15.0,15.99086666666668
12.5,18.006999999999987
28.63,24.606308333333335
10.0,9.79745476190476
17.45,16.178380714285723
0.07,0.3033750000000001
22.01,20.11625
21.29,27.36350000000001
29.43,29.62679666666666
8.79,18.790403333333344
7.7,7.348724999999994
8.64,5.81071380952381
0.72,8.637699999999995
12.63,19.087966666666652
5.68,5.029192857142858
5.4,5.76701333333334
19.01,15.552643333333332
11.1,8.581345
25.54,24.2769
22.36,12.226950714285731
23.73,20.555009047619052
0.4,0.38050499999999987
4.85,5.663741666666668
13.39,10.448499999999992
11.25,11.804949999999995
14.88,13.255949999999999
31.02,24.183773533000654
7.46,15.117170714285717
23.17,31.436554999999995
7.11,28.62451785714287
18.18,17.89129
9.37,8.813896666666672
43.94,44.781099999999995
35.56,33.17910000000002
16.75,15.942899999999977
31.32,24.268193368699045
10.97,9.495383333333349
26.95,21.348956886446867
19.41,21.12758190476193
50.3,47.28483333333328
10.05,16.705474999999982
6.76,5.6223016666666705
37.5,25.382460000000016
4.1,3.870903809523812
25.4,23.475360000000002
15.67,17.107318214285716
1.64,2.0438333333333327
13.22,12.942026666666669
23.2,20.935559404761918
12.91,16.178380714285723
45.45,43.872475
0.38,0.0966915342990342
19.7,15.960693809523807
26.18,18.651328020288886
6.59,8.746556666666677
3.27,2.8917999999999995
8.51,16.585193333333347
8.67,15.524807958152962
15.14,10.051158333333342
8.01,6.291471713564215
33.59,27.744793333333345
16.74,16.67399
4.22,4.950250000000001
9.5,20.39636666666665
36.36,37.146199999999965
47.0,40.68479999999999
19.3,20.500598333333333
30.3,20.55049999999998
6.86,5.936423333333335
29.0,30.013233333333368
5.3,5.461060000000003
6.81,6.6862458333333326
42.0,41.30109999999999
29.24,25.270772500000017
13.77,13.802312500000003
21.38,19.598416666666694
21.34,16.033275000000003
4.9,4.448360793650795
9.18,15.52334499999999
5.73,6.811259999999997
3.03,1.952054999999996
42.97,35.55415
5.3,52.19590000000008
12.16,10.507800000000001
7.04,11.060376190476195
0.61,0.6246251190476193
22.4,15.277801666666669
30.1,33.10261333333333
10.83,12.114599999999998
9.16,17.41930333333334
19.71,20.27822906760723
28.4,25.84929999999999
19.03,25.445901468564113
14.25,10.280284523809527
3.5,2.9974799999999986
2.95,4.515926666666659
10.4,8.501848333333339
21.16,25.87284999999999
18.82,15.575275000000007
14.54,8.769253333333332
8.23,6.720161666666666
0.17,0.2128816666666668
19.75,18.39372666666667
11.95,9.887249999999998
2.9,3.3176000000000005
10.8,9.793966666666668
23.8,22.352500000000013
8.92,7.206974285714284
16.42,16.181799999999996
7.19,6.770666666666662
18.18,17.512563809523815
11.56,16.24293333333334
13.9,13.30736428571427
5.3,5.4979000000000005
29.05,24.82169166666667
15.18,17.500280000000014
18.99,18.31459000000001
37.5,40.29786999999993
7.8,4.430699999999996
2.0,1.845988333333333
42.21,40.32109999999995
5.3,5.785033571428572
47.93,47.074299999999994
7.9,5.105549999999994
16.56,13.486791517094018
10.2,9.421859999999999
8.3,17.867168333333314
10.66,9.71888333333334
9.26,8.814523333333321
22.4,22.910275000000016
12.16,23.504722045425655
17.22,19.737571428571435
27.36,26.678299999999993
19.08,18.18869333333332
7.9,7.525516666666659
7.86,15.244189642857128
24.84,16.70578666666666
10.33,10.593122005771999
25.46,38.42235000000001
41.8,45.445699999999995
49.93,26.242141666666658
12.62,13.815180000000005
22.3,21.234424047619044
2.89,5.002830000000002
4.92,3.3843376190476175
0.7,0.37061666666666654
1.82,2.07115
7.72,11.270699999999998
30.97,30.762153333333355
28.95,27.343533333333355
14.12,10.686911904761907
12.29,19.580333333333343
15.2,14.556377619047606
6.1,8.54596750000001
13.29,12.917135000000009
1.7,3.082599999999999
4.23,5.084383333333332
9.91,9.977241666666657
15.5,9.789699999999984
44.07,23.50676833333334
11.99,11.226700000000005
32.56,31.523343333333308
26.78,24.988069642857173
5.4,6.673120000000001
37.2,31.08564499999999
8.1,3.74353333333333
14.8,8.754533333333324
7.0,5.367143073593073
31.8,24.400583333333334
20.0,13.035839999999993
23.52,21.695350000000026
40.1,38.67881000000004
10.49,10.626869999999997
10.65,10.56749999999999
7.77,12.937408333333337
5.67,10.426299999999996
17.27,22.121705926824987
12.96,12.027983333333333
11.8,11.908366666666657
20.61,18.08275083333334
14.2,12.246401666666666
6.6,6.4421149999999985
10.35,9.850093333333335
6.01,7.657274999999995
36.0,33.72180000000002
13.7,13.25995666666666
43.6,40.33620000000003
13.91,18.165350000000018
22.3,16.965443333333315
16.53,15.388221666666654
12.28,33.14994642857143
7.27,7.615399999999995
5.66,8.638363333333338
3.7,8.949253571428578
17.03,24.544398835347696
9.21,6.887801666666662
27.11,23.557619723901393
14.95,38.33830000000003
14.57,18.751579999999986
16.64,18.156240119047627
5.94,12.289066666666661
1.99,7.766889999999994
22.06,23.36251666666662
33.7,25.1716
7.9,19.691159682539677
9.29,9.939559999999998
9.0,8.812349999999991
16.0,15.819766666666679
4.64,10.721391666666666
9.43,11.51075186507937
11.54,14.543669285714284
18.18,13.444519047619039
7.25,27.18737500000001
24.73,18.960800000000017
7.86,6.98452166666667
6.93,13.378425000000007
21.99,19.67512166666665
8.8,8.09050833333333
17.41,17.77327000000001
16.6,16.221367857142845
7.67,17.176858333333342
14.22,13.559900000000003
38.53,38.708557142857124
9.55,8.934766666666668
15.3,12.152529999999995
11.01,10.733736666666676
3.84,3.8495124999999994
5.07,5.577200000000002
38.4,36.271100000000025
13.4,10.289300000000004
14.32,12.110783333333323
14.49,22.12874166666669
19.33,29.87550277777778
9.6,16.83169857142858
4.86,6.008316666666666
3.45,2.604438333333333
5.5,5.877760000000002
23.33,22.302672857142863
24.58,25.991645238095234
29.14,28.302053333333333
22.7,21.26983333333333
6.42,5.2600864285714275
6.6,6.53332500000001
12.05,26.23446693362193
0.74,1.2206999999999988
4.35,9.040330000000004
0.2,0.19709999999999975
3.2,3.284355238095237
18.22,12.486566666666683
11.7,16.77921380952382
37.17,36.70533333333335
4.7,9.240930000000002
1.1,1.1335716666666662
10.19,6.629033333333333
27.49,26.95788333333336
13.35,15.950700000000014
7.2,10.643000000000008
41.91,41.86269999999997
2.38,3.1561500000000002
15.94,16.12596250000001
21.15,21.80795802142303
10.3,14.337555000000009
18.18,16.51603238095239
30.89,26.899133333333353
27.0,21.723899999999993
6.15,11.256183333333336
26.34,29.73123333333333
9.34,6.644366666666661
21.6,21.446884999999995
24.9,22.949650000000005
46.2,28.78109999999999
10.99,9.77766928571428
11.2,11.722541666666665
40.16,39.123199999999976
14.58,14.032250000000019
23.16,23.348549999999996
4.4,17.813174642857163
24.66,15.251587745857087
19.83,19.729302316849815
36.5,39.8355
9.0,8.201073333333332
21.97,22.04881333333334
26.31,37.38333333333335
20.76,20.128539999999983
25.16,27.25522809523808
10.43,18.667216666666675
8.79,13.36679523809523
21.94,17.68418499999997
0.5,0.19438595238095238
29.53,27.8594
13.24,15.883966666666636
10.69,9.432903333333343
6.04,4.572494285714284
8.2,4.807100000000009
31.88,29.312357612110105
4.46,3.876913333333332
25.56,12.660126666666661
4.0,3.9204723809523854
49.05,17.686019999999992
21.6,21.129753333333333
20.39,8.909774999999998
7.72,6.910176666666669
19.64,22.138143333333357
32.8,32.30190047619046
5.55,5.44853166666667
5.98,14.73077523809523
12.0,20.54859904761905
3.7,6.45635
12.36,8.331200000000003
6.44,4.110891904761907
29.12,28.650749999999988
9.1,7.4781666666666675
46.15,26.52499666666667
1.0,0.7747999999999989
22.31,21.302366666666657
14.6,12.391638333333326
1.18,0.7533249999999997
22.3,22.577133333333336
28.65,31.692024999999997
37.73,34.328100000000006
7.83,11.925864999999998
11.57,15.467993333333325
8.59,8.722550000000002
1.54,21.780514999999987
2.95,3.022511666666666
23.2,21.86875341269841
31.11,21.24960401704391
2.25,1.8374333333333328
16.17,15.44479174603175
1.58,4.093885714285712
3.38,3.1129974999999996
5.1,4.1394999999999955
14.82,19.39776452380955
9.78,10.505000000000004
25.16,18.465255000000003
12.96,11.790120674603184
11.05,10.408106262626267
14.28,20.977282222222243
3.2,6.79045
15.07,12.10141333333333
42.64,35.37330833333334
17.0,11.913899999999991
17.0,16.344957619047626
33.33,32.09455714285718
10.15,14.409000000000002
10.9,12.703249999999999
42.25,33.07806666666667
12.46,10.568121428571425
10.99,7.641000000000002
22.41,21.959553809523822
5.35,8.46709000000001
8.05,6.809388333333334
18.18,15.442096666666668
16.32,16.12980833333334
9.89,9.746928333333335
2.4,2.6803000000000012
10.44,26.356007383449878
8.36,8.944525000000004
41.5,18.650150833333324
10.27,10.691999999999993
5.3,4.054479999999999
14.47,12.728429285714292
46.4,42.29870000000001
11.2,14.40984999999998
3.6,3.313596666666665
27.79,35.852216666666685
5.7,4.144433333333335
2.1,1.6067433333333347
2.0,1.9522566666666685
5.42,10.092441666666675
26.3,36.445866666666646
29.74,29.332056666666634
20.4,27.8297
30.9,29.754199999999965
11.42,12.336733333333337
0.03,11.559458326118325
35.3,31.670208333333335
22.65,20.27247666666668
14.2,7.752833333333326
6.0,4.892725000000001
0.27,2.4671583333333356
36.98,32.67858333333336
10.45,11.326216666666658
1.21,1.043449999999999
29.05,23.63445425022245
12.04,11.749633333333328
8.07,8.27753333333332
14.49,11.374520000000002
15.11,14.448916666666678
10.35,7.430869999999999
35.95,32.707649999999965
30.31,26.639174999999994
23.73,25.12423999999999
2.5,10.23629
8.46,8.054425000000005
6.58,5.4144283333333325
33.2,34.374719999999996
26.02,23.504722045425655
23.0,23.045533333333314
26.91,27.697599999999994
44.9,37.58117000000001
30.2,36.811799999999955
15.91,13.623816666666663
23.83,23.458958560715004
11.21,11.307726666666673
0.3,0.2764366666666665
39.16,41.03543333333333
9.56,7.649900000000005
22.3,40.26810000000003
13.1,13.140533333333346
16.22,14.001193333333335
7.91,12.62296666666666
3.4,10.654066666666663
21.74,15.216733333333336
0.21,0.35793353535353556
7.59,6.677860000000005
18.4,16.61102666666667
11.96,11.490809761904762
2.97,4.784516666666666
9.78,19.469345413277832
8.06,7.672360000000001
22.7,22.45200000000002
22.01,27.180905833333313
14.5,12.307571666666668
17.95,14.165650000000012
23.1,19.933000000000007
19.08,12.930474166666656
16.02,26.28352588245089
18.02,20.201800000000013
38.8,36.030699999999996
8.54,6.2379500000000005
2.6,4.877946666666661
9.18,21.562991666666655
14.2,10.635933333333332
17.16,17.339891666666674
9.61,19.076743333333315
13.54,5.508335000000003
9.54,17.59709999999998
21.94,18.402009166666662
14.41,13.314873809523826
18.18,17.202261666666647
16.89,12.993999999999996
18.2,16.660188333333338
1.72,1.2700999999999996
9.9,4.975349999999994
38.53,36.984222380952374
15.1,14.644500000000008
18.18,16.175241666666654
14.3,14.83143333333335
5.6,3.926050000000001
30.04,27.008992410089917
26.96,36.479959999999984
8.1,10.241934999999996
15.64,17.698371428571424
9.68,9.274983333333322
4.45,3.953765357142856
26.53,24.524108571428563
24.7,19.757886666666664
27.46,40.521508333333315
9.2,9.065249999999997
6.86,6.14989166666667
2.39,2.3366499999999997
1.8,2.0484166666666694
0.85,0.7864983333333335
24.2,23.3227
7.7,7.558395000000003
17.63,19.809844312346154
13.2,14.452399999999995
54.86,47.49929999999997
2.7,3.1353916666666697
8.12,7.4016799999999945
8.9,6.393266666666669
33.13,32.53131666666668
8.8,15.614583333333337
18.2,17.978142857142874
29.1,26.995300000000015
0.02,12.98534088744588
14.53,13.093758333333335
1.74,2.017578333333334
6.1,6.272366666666673
4.46,8.215633333333331
1.86,2.48555
19.89,19.567306666666674
12.8,11.822028571428566
18.19,17.920999523809535
24.0,21.44301666666666
7.6,7.0735333333333275
44.58,40.17117928571427
3.37,4.052524999999999
4.24,4.422950000000001
0.1,0.10651238095238096
15.3,15.025480000000005
16.2,14.14305500000001
18.13,17.460516666666667
5.72,3.3194000000000043
17.58,15.891998571428552
8.01,21.329383333333336
9.25,9.135
23.6,21.9486142857143
13.41,15.055753333333314
49.84,49.245564999999985
6.1,4.71611595238095
18.2,16.64302833333333
37.2,34.513991666666705
9.1,17.989033333333328
13.65,13.612208333333324
43.4,42.03534999999999
32.26,31.1605
20.91,23.894200000000005
14.46,17.754900000000017
33.2,32.20160000000003
49.6,47.32770000000001
12.3,9.449950000000003
7.78,10.615500000000006
24.28,27.820398333333333
13.0,10.935604761904761
21.16,22.937395396278603
14.95,15.458783333333317
6.8,6.1677304761904805
10.0,9.45101857142857
7.92,8.01036595238095
10.78,5.143116666666664
7.1,14.631226587301585
17.88,17.690478571428557
12.29,3.644299999999995
21.6,23.612578253968255
3.2,3.3921374999999996
19.35,15.816876666666666
28.15,21.331366666666682
16.44,23.62908835564062
39.06,39.37799999999994
22.3,19.562966666666664
16.1,15.844925000000003
13.03,15.951058333333307
0.11,0.09549626984126983
10.86,7.633869999999999
20.6,22.811800000000016
10.3,11.977000000000011
13.87,13.293799999999994
15.8,27.008992410089917
13.36,15.290920000000012
35.96,20.34554523809524
12.02,11.044010000000007
21.43,18.0711444047619
5.72,8.29075666666668
4.5,4.718925000000001
23.61,17.955800000000014
14.6,18.179006948051953
10.0,8.482300000000004
2.07,6.220433333333338
26.29,27.49559499999998
14.1,10.577550000000008
18.2,17.995746666666683
5.49,5.00820833333333
13.8,16.66259999999999
20.76,20.63743166666663
11.3,12.08660809523809
8.65,13.311999999999996
18.18,17.979388214285724
14.01,18.405200000000022
5.55,5.391155714285715
12.7,13.480091666666675
21.74,27.008992410089917
7.51,6.552888484848488
6.46,8.32116666666666
17.59,18.24540357142857
8.96,18.583049999999993
19.48,17.672500000000003
19.64,15.52470428571428
0.05,0.06738476190476189
0.29,0.2887933333333336
10.71,10.16221666666668
42.7,40.429100000000005
3.06,3.204066666666665
19.16,25.280489267026834
11.58,13.501574285714284
34.6,33.21262666666661
29.2,23.80895997224998
30.77,21.662220518126528
9.6,6.391300000000006
6.79,12.067500000000004
28.61,26.554771666666678
12.48,24.162786666666662
14.9,12.94638166666667
19.69,38.79109333333327
18.46,18.236818333333332
45.0,44.968124999999944
28.84,31.572283333333335
20.56,24.33331666666667
17.2,16.22813523809525
11.3,21.904899999999987
11.14,10.603616666666664
44.81,44.38580000000001
20.77,17.850399999999993
23.2,20.338692142857127
9.64,8.026949999999994
18.52,12.424085317460316
20.06,14.32539166666666
16.25,17.52038333333335
20.61,18.849134444444452
0.53,0.13415952380952378
2.4,3.6024000000000043
30.2,29.19148000000001
12.34,23.504722045425655
7.78,9.906339112554113
35.17,33.80059999999996
15.56,14.20833833333332
19.9,19.007938333333342
14.45,9.211500000000006
31.02,27.36603333333332
24.2,24.766828333333347
4.05,3.1897999999999973
14.15,12.029000000000002
18.25,17.1819188095238
5.8,10.686700000000004
8.17,6.210190000000003
20.77,22.01715666666666
7.13,9.115228174603173
22.36,21.05826966875051
9.12,7.110983333333334
20.27,19.469345413277832
12.77,12.843000000000002
21.91,22.691737790496433
0.46,0.6871500000000001
40.0,38.49239999999995
7.3,5.283700000000003
9.2,8.376269285714281
4.6,8.143439761904766
18.2,16.078199999999995
2.7,2.9179457142857155
27.04,30.068065000000043
12.45,6.220346666666668
0.1,0.0820637953712954
0.6,0.49261571428571427
15.56,10.703023095238091
9.05,7.080250000000006
11.8,17.107000000000003
6.12,6.271853333333331
20.04,15.62588499999999
8.02,12.113041666666668
13.62,9.587942261904757
0.14,0.09562333333333335
27.16,24.883975419750808
47.34,15.93300000000001
24.35,14.076230714285716
3.03,5.478693333333336
32.75,22.106486666666655
1.78,1.807099999999999
7.71,9.03310833333332
45.46,37.20014999999998
0.35,0.26438166666666674
17.91,9.42995297619047
7.59,7.439120555555558
4.7,5.4467
10.7,9.58627630952381
34.35,21.65983333333334
18.18,11.123391666666665
18.75,19.156515000000017
6.2,7.9839666666666576
1.68,3.7868333333333317
10.8,9.67198015873017
23.43,25.319058333333356
34.46,15.46350000000001
4.56,4.622271428571426
42.43,48.44440000000003
5.7,5.386644999999999
3.16,4.478399999999997
4.11,2.4361549999999985
12.5,11.262999999999998
8.14,30.3219
18.2,17.453753809523825
24.17,19.565690000000004
17.84,20.86158095238094
2.53,7.6574000000000035
11.94,6.196826464646466
3.57,7.154066666666671
29.09,27.245500000000014
12.26,15.849291666666664
16.22,15.199383333333328
23.28,22.907623333333326
13.57,12.583197738095237
3.8,3.227290476190477
17.89,17.68332583333332
6.8,6.946050000000002
7.4,7.227595873015875
43.19,41.63616666666669
14.41,8.045310000000002
23.37,22.156766666666663
14.7,11.628856904761898
7.8,6.163093333333336
7.86,15.73276666666668
32.0,16.6521
5.64,4.426214285714286
7.31,6.523699999999998
7.28,24.403953484848493
24.69,33.0250285714286
26.72,20.05162588970163
8.7,4.6863966666666705
30.9,27.901650000000007
5.8,3.3427533333333317
32.11,27.283099999999994
22.6,22.272500000000015
11.01,20.381728888888876
11.8,11.364671666666666
2.9,4.725850000000002
13.4,9.597850000000005
9.63,10.22796666666667
22.34,23.62084714285714
10.5,7.493999999999995
5.72,16.464603333333333
14.04,12.648099999999985
15.46,10.422964523809524
40.48,38.53766666666664
19.61,16.87836666666669
21.89,21.215933333333346
19.3,19.34833166666667
42.95,40.79445000000003
17.2,17.692566666666686
15.76,13.755921666666666
41.18,39.38135000000002
10.29,10.310633333333346
12.1,11.05340000000001
22.53,25.242103833590384
12.55,13.825689523809501
12.4,27.846349999999966
21.5,21.241333333333337
20.76,20.781599999999983
9.1,9.120100000000011
29.88,25.57288309523811
11.6,17.826566666666672
4.67,4.511259999999996
14.3,17.18889976190478
36.36,35.39355000000001
7.82,10.327543333333338
19.45,16.697100000000006
28.63,6.163399999999997
12.49,12.379364999999996
19.0,15.489066666666663
13.12,13.172638333333317
49.41,45.94334571428571
17.19,9.36173666666667
10.15,9.329083333333331
25.24,19.613981462772657
21.55,20.42781666666665
7.38,6.759128333333329
3.96,9.295084999999997
18.3,17.576717857142867
4.79,9.01045333333334
17.59,20.368306666666662
35.24,33.74003111111111
25.76,16.936900000000023
16.1,8.249300000000012
13.8,9.754600000000007
49.57,46.50230000000002
20.9,18.890891666666665
3.68,1.760863333333331
11.03,10.663359999999997
9.6,10.139658333333339
7.71,11.102174999999995
14.37,11.083700000000011
3.99,3.744317142857143
13.63,16.574299285714286
33.96,36.58210999999995
11.05,10.103700000000007
46.58,45.749924999999934
23.07,22.803028571428573
15.34,8.642900000000012
5.1,5.0350916666666645
9.35,9.90017523809523
10.6,10.011253690476192
18.58,14.914555714285719
40.52,39.70984999999999
31.69,22.121705926824987
8.32,8.327833333333345
21.21,18.998025000000013
18.18,16.891755000000003
33.2,11.810390000000005
29.0,18.88403333333334
7.15,6.43599166666667
31.75,16.980228661061155
20.87,19.14853333333331
7.8,7.8509666666666655
19.9,22.756076428571433
22.3,18.934524999999997
2.78,2.4278673809523794
43.89,40.7933
16.97,24.638421532911533
4.5,4.972839999999996
10.26,10.276687380952385
21.42,29.055666666666653
20.5,20.716533333333338
0.42,0.18805000000000024
6.89,10.166666666666679
9.23,8.724208333333335
10.04,8.932383333333341
27.69,28.05452500000001
0.43,0.7584000000000011
18.2,18.20000000000003
20.26,25.155041627947963
18.18,15.59964571428573
8.18,8.478385952380947
10.61,14.063213333333353
9.92,17.567100000000018
23.64,25.471876190476173
15.55,12.617433333333322
8.44,8.211048095238098
15.1,22.367150000000002
10.3,9.585499999999989
10.22,10.593122005771999
15.78,14.504250000000011
12.8,7.910199999999991
30.3,27.464958333333346
11.74,11.537391666666664
0.9,0.9509000000000006
5.37,7.03557928571429
28.23,28.884150000000005
14.5,14.106899999999998
10.35,10.803400000000005
4.2,7.460120000000005
0.65,0.6446666666666665
13.69,11.640140000000004
43.47,42.69129999999999
10.2,12.596516666666663
6.46,6.4199660714285685
3.64,3.487325000000003
22.46,21.86875341269841
1.25,0.9937142857142852
30.19,21.541415969030965
38.8,27.489500000000007
22.4,12.164399999999985
12.71,9.574069999999995
12.5,15.366520000000005
6.38,10.99747499999999
35.36,27.432013333333312
27.89,26.797194761904766
2.82,8.964833333333324
14.8,12.1643
14.0,10.936285714285717
42.62,35.17329999999996
36.03,39.234880000000054
51.9,47.67448
1.96,2.4862333333333337
8.6,10.339920000000001
17.82,17.497049999999987
4.59,4.350699999999996
2.16,5.3586383333333325
19.63,17.370866666666654
12.18,17.000800000000012
0.33,0.5867538095238092
0.13,0.4326866666666666
3.91,6.504225555555559
38.99,33.7857
5.8,4.737771385281385
16.24,27.05191865800865
10.3,10.134576825396824
17.2,15.986066666666673
2.7,2.1546633333333354
0.28,0.3237958333333335
0.19,0.6966000000000006
10.33,11.096133333333333
20.59,21.24960401704391
22.3,17.810588095238092
0.63,0.7308166666666672
5.8,4.725216666666672
23.17,21.40016666666665
11.77,11.762600000000006
8.9,11.444028650793653
2.9,8.096113333333339
20.77,17.435843333333324
14.6,12.198066666666666
6.59,8.767109999999997
4.11,6.747375000000004
12.93,14.74142999999998
16.36,13.8727975
14.79,25.40545796029354
17.5,18.04545333333335
14.1,34.3588
6.9,6.693297481962485
23.14,20.897622142857145
21.41,19.426608333333327
1.15,1.1293999999999995
0.1,0.06531273809523812
8.6,8.850433333333337
35.95,22.021157142857145
40.21,44.3496
6.55,5.9746559523809495
33.51,34.94333666666663
8.16,12.347650000000012
5.8,8.637300000000003
12.62,23.781654370767882
16.24,18.525814761904776
19.05,19.030023333333343
17.4,15.291128333333333
30.55,22.391299999999998
23.74,22.79609999999999
18.01,18.48309928571429
29.12,25.242103833590384
13.3,13.438130000000015
12.06,12.08193666666666
0.1,12.98534088744588
6.93,6.18411666666667
31.99,27.80543333333334
43.99,43.53620000000003
9.64,12.424085317460316
3.5,3.745486666666665
29.0,16.103100000000016
30.56,21.72902600751348
7.15,8.267333888888892
16.0,12.057663333333338
26.58,21.465410000000006
17.39,16.83938833333332
51.6,48.01285
17.14,12.121406190476188
5.32,9.255933333333319
22.79,20.686699999999988
3.5,3.462266666666666
27.58,46.196
37.14,32.380619047619014
37.7,38.67840000000005
3.33,6.276801666666668
20.5,20.621174999999962
4.77,3.890825000000001
6.92,9.925004761904756
18.18,17.271935555555544
9.55,18.95886833333334
27.53,22.11940000000002
15.53,18.420871428571445
8.5,8.059484999999997
3.03,2.9484083333333326
30.4,25.977300000000017
3.7,11.787865952380955
31.73,32.15830000000004
42.29,21.259091666666663
16.15,11.810390000000005
15.1,16.46101666666665
18.85,22.106294387847097
3.05,3.2416000000000014
8.48,8.571683333333336
20.76,14.042878730158739
20.0,33.708099999999966
0.76,0.807919999999999
11.35,11.1237
12.63,11.806854999999992
21.73,15.276396666666672
22.3,20.39634166666666
18.6,28.630499999999994
10.3,11.62393333333334
14.0,10.936285714285717
5.61,4.854608333333335
3.67,19.18600666666665
23.2,22.53213333333336
13.73,14.264464999999996
14.04,13.529576666666662
7.8,11.722000000000001
5.4,8.520299999999997
6.86,9.147899999999995
12.06,10.493043452380952
0.1,0.12111753968253978
23.89,22.277399999999997
35.17,26.174384150270516
6.9,5.632225000000002
32.9,16.881500000000013
19.49,15.530548333333343
22.27,31.9764180952381
0.1,0.09273743894993887
12.37,17.148400000000002
31.11,30.825562499999986
0.11,0.13059428571428552
22.8,20.768600000000003
12.08,9.527834999999989
20.13,18.649133333333335
48.19,46.73280000000003
41.42,31.838736515151524
9.0,9.322553571428575
3.44,8.904360000000002
14.26,24.883975419750808
22.3,21.334400000000013
1.1,1.4743749999999998
13.86,16.294801666666643
2.7,2.656959999999998
4.6,4.536416666666666
3.23,5.276411666666669
26.02,24.691830952380954
8.59,23.043819960317446
34.23,32.300799999999974
16.87,12.76630476190477
11.7,8.679601666666663
12.2,11.98583333333331
6.14,5.8949773809523744
18.18,17.877352683982682
0.08,0.09553785714285706
7.9,6.341316666666667
20.77,21.980933333333333
24.82,24.951699999999978
5.41,5.444953383838383
7.51,10.527589761904762
18.64,15.860616666666674
17.74,13.495860714285715
42.11,40.39562833333333
3.35,4.8071161904761945
3.81,4.018349999999995
15.08,7.077883333333329
18.2,20.44409166666667
12.71,20.45331444444445
5.88,5.851824999999996
30.07,32.95359999999999
5.2,9.387119999999996
7.08,7.628354285714279
4.9,8.6712
24.1,22.473034999999992
17.79,17.508552142857162
10.61,12.933671666666667
7.4,11.273091666666653
30.33,18.95124337301588
22.07,20.18586499999999
16.69,14.03306666666665
3.3,3.2140123809523793
13.6,12.751756666666676
6.17,8.950120000000002
17.0,14.607199999999999
9.88,8.82011666666667
34.95,33.20799999999998
4.81,8.798250000000005
9.2,22.33209666666666
12.03,10.593360000000004
25.42,25.40545796029354
5.83,5.992109603174606
5.27,2.9551400000000023
40.6,23.19663964424464
10.73,16.089833333333335
5.1,5.012968333333339
11.69,11.829632142857145
12.46,17.520300000000002
26.48,28.350854999999978
22.6,22.217753333333352
21.47,17.42428833333335
4.8,7.536066666666667
6.7,5.215981190476191
2.77,2.696103333333336
3.87,4.165133333333337
10.78,10.363936666666667
14.04,7.731746666666665
46.52,41.83089999999999
23.46,21.128933571428565
25.8,20.25933404761906
7.4,7.588209523809527
2.94,4.004340952380952
13.8,12.847100000000006
25.6,23.824500000000015
7.54,6.5324333333333335
18.2,15.062633928571431
1.9,3.531686666666664
15.12,16.37244666666666
3.94,8.49134166666666
13.08,13.396933333333328
17.45,16.435714332611834
11.58,13.215749999999979
8.76,17.31603333333335
25.9,21.652413333333335
33.24,25.046066666666647
24.91,32.16427166666666
2.9,2.5765000000000016
11.55,8.70196666666667
31.47,32.44169999999999
22.5,18.303291666666663
15.1,25.602866666666678
1.7,1.7871833333333342
21.4,27.23259999999998
1.26,1.8921833333333342
39.39,37.80554999999998
4.7,20.775972354149882
6.99,6.80286071428571
9.75,8.252450000000003
21.39,19.80142503968253
4.36,7.068500000000006
7.02,6.317599999999995
22.98,23.471241666666657
13.3,11.337490000000004
10.42,35.19910000000005
11.2,9.706755952380956
5.28,5.354273333333334
0.01,3.862579999999998
21.8,21.73999999999998
4.42,8.306704999999992
18.2,16.487536666666667
2.67,7.101533333333331
3.26,2.9638283333333333
5.29,18.179006948051953
9.32,20.58544658730159
11.36,6.4508166666666655
9.19,6.163325000000003
12.51,28.727793333333363
7.81,7.664450000000001
11.31,11.587800000000005
4.26,6.847350000000001
40.9,38.417600000000014
14.98,13.831428571428582
5.7,5.4280250000000025
6.3,5.891198333333338
13.6,15.08997666666666
6.7,15.986295158730151
18.2,21.068525
8.4,14.198896666666691
13.5,12.761564285714288
30.13,19.90653333333331
14.2,10.658400000000006
4.9,8.880383333333342
4.9,6.2065249999999965
15.43,14.470358333333351
0.01,0.09412976190476195
41.91,40.29786999999993
12.15,19.169261428571403
9.2,7.6507000000000085
18.58,18.23200000000002
26.62,27.311995000000007
47.79,45.47751452020202
5.72,5.2866566666666674
25.0,26.52460000000001
9.3,8.873799999999994
3.44,3.352946904761904
5.72,4.93311904761905
24.1,20.9246
3.36,3.1354419047619033
3.13,6.486114999999995
10.79,9.772925000000004
18.58,17.210620000000002
3.58,6.4133
41.1,40.33483333333333
9.96,12.805586666666663
10.71,16.94145
14.92,15.599083333333324
21.66,14.651920000000002
10.5,10.689181666666654
7.24,17.006276428571432
44.77,46.77849999999999
34.99,45.86363333333335
15.72,25.744288333333344
46.66,44.68659999999997
49.23,41.29186666666666
11.3,11.840133333333345
40.82,12.318606666666662
17.8,14.289200000000008
0.11,0.19955127289377295
12.09,12.413249999999984
8.21,8.039340000000001
12.9,10.853854999999992
17.87,18.315549999999984
13.6,13.424483333333344
7.08,6.46695
14.23,13.74140166666667
26.0,25.02776333333335
18.01,18.982583333333352
18.05,24.761916263888047
12.45,17.51044166666667
19.9,20.48452714285716
13.1,14.143061666666684
28.86,38.13674126623376
5.31,4.358203333333334
16.48,13.935214523809515
2.27,1.8877316666666655
16.06,10.318071428571441
2.94,5.380749999999997
0.33,0.3020000000000003
48.1,47.81074999999999
7.2,7.062505952380954
9.21,11.422458333333337
16.7,16.871077619047625
33.79,34.727699999999984
3.95,3.99014833333333
6.63,10.204003333333329
29.84,27.364999999999995
33.05,26.646099999999993
10.95,10.508403333333327
20.12,19.609505000000016
0.04,0.061120634920634916
6.68,5.702600000000001
18.37,21.207990000000013
18.18,19.6088
17.47,11.204761904761908
19.02,15.261142857142861
9.65,12.118299999999994
10.31,4.17386666666666
11.69,17.611785
0.2,0.23770000000000016
5.91,5.973510000000007
33.5,21.507600000000007
0.86,12.57444833333333
9.39,39.237379999999966
8.1,7.819983333333331
10.1,10.10229349206349
7.31,11.397150000000009
18.65,21.87465527551566
13.18,19.092917886002883
4.05,20.633499999999962
16.26,25.459088333333334
19.76,21.51034221591318
9.9,9.841753333333346
10.1,8.762655119047627
50.09,33.442700000000016
7.6,6.992193333333338
18.18,17.873466666666683
27.22,8.89030166666667
13.41,13.547866666666664
44.08,17.15033464285715
12.09,27.755016315620654
1.45,2.602313333333333
37.02,35.65046666666669
5.4,9.96455
7.68,12.344142380952373
26.69,24.06872583333333
15.61,21.58111392135641
6.78,3.3883416666666664
17.1,17.047899999999977
18.61,20.096276666666643
20.54,25.166499999999978
28.88,21.313642790657067
12.4,13.173956666666676
8.58,14.71819666666666
36.36,35.591400000000014
34.0,32.68969166666671
25.22,21.074704642857164
15.07,15.585408924963927
24.16,24.285299999999992
9.39,16.21046833333335
47.36,34.28541999999999
11.6,14.200533333333334
25.2,23.17826666666667
5.65,6.217933333333342
0.02,7.102366507936503
3.5,3.300899999999997
8.97,10.462296666666663
20.62,21.18414738095238
8.7,13.079999999999995
5.75,5.030969523809523
16.94,17.75805833333335
0.8,0.6746416666666671
5.64,7.7205672619047565
10.37,10.518566111111111
15.47,19.70880272227772
3.5,3.8649999999999967
21.43,31.643642222222198
18.19,16.90170888888889
23.79,23.795616666666675
17.64,17.39304666666666
26.22,22.25615041666666
6.44,14.90092756493507
17.65,18.868716666666675
11.63,8.1853
20.08,15.931816428571432
19.08,23.781654370767882
22.3,18.66231666666666
46.01,34.624600000000015
26.51,24.44622500000001
43.5,35.965083333333304
8.59,15.151050714285713
12.2,10.725320000000004
35.88,45.50459999999995
12.9,13.292483333333347
18.2,15.639799999999997
16.44,10.175072857142867
18.96,15.862225000000025
15.2,13.856880000000022
4.54,7.610676666666661
0.7,0.6570999999999999
12.67,11.917246666666665
24.2,37.702566666666655
12.95,11.66324833333334
33.27,21.084252505806543
6.32,4.14479678571428
10.96,9.98043166666668
23.6,28.244699999999998
24.15,25.985100000000003
26.25,19.431182142857146
29.86,11.670068333333353
8.86,23.043235000000028
11.0,7.948316666666667
5.51,9.290708333333335
6.4,4.965350000000001
23.2,19.7588780952381
30.4,19.756800000000023
12.79,10.29073333333333
7.07,7.801500000000001
9.6,6.429200000000004
39.8,38.57393333333335
12.1,21.128933571428565
12.37,13.103876666666684
12.45,10.312364999999998
4.02,2.923166666666666
11.76,25.165641249999993
10.09,12.178198333333334
1.39,1.2114383333333334
4.7,4.291042976190475
52.42,27.05191865800865
18.5,15.086949999999996
6.38,6.281816666666665
20.95,19.419700000000024
12.05,9.82686666666667
2.83,6.774633333333332
9.04,11.958103333333337
40.22,35.02935424603175
12.09,12.670783333333329
13.29,12.594399999999998
17.11,21.704234365079373
23.17,23.78818071428571
16.14,11.131706666666673
0.52,2.589000000000001
14.19,16.324599999999997
23.8,20.962800000000012
16.26,18.08972142857145
1.2,1.1627000000000003
24.85,24.347620000000017
3.67,3.5353333333333308
16.95,16.06769
10.0,9.594924603174606
28.32,25.40545796029354
2.88,5.296785000000007
7.9,8.272646666666668
10.84,9.518866666666675
12.43,11.997883333333323
26.81,30.23280000000004
29.31,17.64502642857144
30.26,21.80186418288575
12.41,11.200311666666664
6.54,4.063470238095236
11.18,9.045049999999993
23.14,21.637248333333332
51.9,49.44044999999997
16.12,43.01789999999996
23.84,28.521197163711314
7.63,4.545999999999999
13.22,13.574397380952371
9.5,9.447013333333338
10.3,10.210044047619052
6.6,8.099699999999999
4.2,7.871743333333344
4.34,10.730211904761907
2.94,2.675766666666667
3.9,5.1401999999999965
9.8,6.1760000000000135
31.58,23.557619723901393
16.95,19.30013666666666
24.11,26.130364126541654
4.77,3.2848683333333355
0.95,1.0109666666666677
3.7,3.2060249999999995
11.4,10.030937929292936
13.95,13.920866904761898
18.42,18.826133333333345
0.31,0.2370400000000001
8.65,6.709800000000005
11.28,19.54585833333332
39.09,31.428200000000015
28.8,25.239736666666655
8.64,7.440549999999999
7.43,8.03075000000001
24.4,16.953783901792647
46.1,20.081391666666644
31.23,26.56444309523808
45.5,43.23040000000001
31.02,14.359487499999982
9.1,8.622126666666661
7.48,14.29267285714284
30.3,32.69810785714284
6.14,6.012725000000001
9.56,8.35096666666667
5.78,8.534104999999997
11.93,13.55654999999999
16.4,17.3079573809524
12.28,13.794328571428576
5.4,11.23503
28.74,28.190274999999993
5.04,13.867785793650814
31.04,13.38937952380951
10.95,7.672891666666666
29.5,28.968820000000004
19.9,18.557820277777793
47.35,44.66829999999996
14.07,26.90973333333334
25.82,26.653349999999996
16.57,18.65764285714286
7.29,13.196116666666674
9.83,6.98653333333333
24.84,20.512149999999988
11.98,24.01890000000002
1.7,3.028641666666667
3.47,12.173145000000007
17.71,31.45074777777778
18.82,18.099233333333355
37.57,31.611130952380968
22.85,26.723133333333305
30.4,26.410908333333367
8.5,10.817373333333341
23.2,21.17559999999998
3.88,3.5608599999999986
5.43,5.516926904761906
4.59,6.600130000000004
8.6,8.511456150793652
9.75,9.10793666666667
5.81,11.068499999999998
25.07,22.646969523809503
14.15,14.011868333333343
20.15,24.247766666666713
18.2,12.654264999999995
16.31,23.557619723901393
4.8,6.502700000000001
4.87,9.200849523809524
9.6,8.398220000000004
27.18,15.020971666666663
39.9,39.427049999999966
3.1,2.928466666666667
3.99,4.228750000000005
20.34,20.168237222222224
27.73,29.171400000000027
1.69,3.396679999999997
4.9,3.7324476190476203
23.0,19.781983333333343
6.94,7.867262857142858
10.39,9.466899999999994
23.3,22.211006666666663
3.82,3.6695061904761896
28.28,23.62908835564062
6.09,8.903069999999996
14.96,18.99584349206348
23.2,21.73134242424243
4.9,5.341825
5.65,6.145683333333334
5.64,4.410875000000001
10.7,7.468133333333326
0.01,2.8070592676767667
6.7,6.095066666666673
2.92,16.299633333333315
2.97,3.165909523809524
6.37,10.802298333333331
18.43,23.980200000000004
10.94,10.294016666666671
25.65,17.56565833333332
8.83,6.658021666666669
12.57,10.956220000000004
30.3,29.12910000000004
31.61,32.04460000000003
12.2,11.080189047619042
13.16,12.522683333333331
18.25,15.445839999999999
4.21,5.047606904761909
30.3,26.09605166666667
5.8,7.8426499999999955
22.3,22.197088333333326
14.49,18.918041666666646
40.58,40.22778666666665
11.6,12.864304563492064
42.69,24.880599999999976
6.75,11.467036666666672
15.81,14.51168249999999
8.6,9.354919999999991
8.0,8.89090000000001
22.5,22.20799999999999
25.22,23.218896666666687
10.34,10.055775000000004
5.22,4.649088333333331
11.24,10.333172222222231
1.32,1.784764523809523
0.23,0.13989999999999983
13.6,12.99517857142858
18.19,16.688902499999973
27.42,28.29750787878788
15.54,4.585173809523808
24.0,32.93326666666667
3.35,3.171187380952381
30.56,29.159833333333367
10.1,9.458146666666648
13.88,14.513483333333342
18.21,21.24960401704391
26.76,2.798125000000001
14.58,14.069672222222225
8.35,6.634837142857142
22.5,17.709204761904786
10.52,11.593333333333332
3.91,5.531433333333332
4.78,4.437108333333332
25.41,23.862
8.9,13.870100000000004
32.35,13.193649999999998
0.23,0.5308383333333336
41.59,36.81933333333334
0.43,0.7755199999999991
22.3,18.592345555555553
41.44,38.401000000000025
6.15,5.358773333333342
10.73,10.62229166666666
23.22,17.88642
11.78,15.063169761904767
27.25,27.78935000000001
39.91,38.641050000000035
18.18,17.41322499999999
48.7,42.80257500000002
21.33,31.9764180952381
36.84,37.72505666666667
14.19,15.599399999999987
11.43,20.8944
11.2,10.103700000000007
21.46,14.797004761904759
2.72,3.410683333333336
8.68,8.810026666666664
21.23,18.720449999999982
15.52,11.522919166666668
37.2,22.419999999999995
14.1,13.285066666666658
18.85,22.106294387847097
33.37,32.43730747474748
14.93,13.122989285714288
0.16,0.1906000000000002
34.59,29.143400000000025
4.71,8.685258333333332
6.31,8.726482171717175
23.2,23.146766666666668
30.9,29.037899999999993
5.9,5.779960000000005
2.63,3.440210000000003
28.68,19.281341666666666
4.2,5.904058333333341
6.12,8.904360000000002
5.88,8.137399999999987
37.17,35.41453333333336
27.36,20.964915424676384
13.95,8.366158333333331
3.98,5.398925000000005
2.86,4.79768333333333
2.19,2.557666666666666
37.79,38.526489999999924
4.0,4.623615000000002
44.84,42.16709999999998
20.65,44.98708152958156
14.85,16.980228661061155
27.0,24.3508
15.1,16.060622857142853
10.57,10.961906666666655
13.79,12.845909999999996
9.22,8.843738571428585
21.9,29.215975714285722
3.41,2.2280902380952385
48.29,41.834333333333376
10.7,10.80917333333333
0.18,0.6859095238095233
11.0,9.405093333333332
11.1,11.042983333333325
8.71,14.436740833333342
4.2,7.673999999999999
0.01,9.733404523809531
10.17,15.787016666666684
16.71,15.890786428571435
35.98,17.788243333333345
11.0,6.700099999999997
23.8,23.718966666666656
24.83,25.436124999999997
9.5,18.86317333333334
1.39,1.320980000000002
11.0,8.84106666666667
3.0,2.9510916666666613
1.45,2.286523333333335
3.35,3.274758571428573
1.05,1.0706000000000009
37.1,33.82297500000001
22.31,20.61149333333331
22.3,21.882809761904777
10.37,21.153226126187196
29.71,27.941450000000003
22.3,21.016599999999997
5.5,9.082600000000006
22.4,22.048360000000038
11.31,10.878425000000002
0.23,0.2112547222222222
12.44,12.253308333333338
8.5,5.124341666666664
17.0,16.879016666666683
24.9,23.19465000000002
4.49,4.278676666666668
7.74,7.199653333333333
6.5,5.373521904761906
45.6,38.177628571428585
13.8,13.619750000000005
0.21,0.3673466666666665
8.5,5.5171399999999915
14.1,13.417509047619046
1.98,1.9920000000000002
16.97,13.404266666666672
12.76,24.105891666666665
7.12,6.600305
3.72,4.32123333333333
7.2,12.58010000000001
18.2,11.326703809523803
2.82,2.511393333333332
4.7,5.5568250000000035
35.52,32.188169047619056
35.3,29.18995000000002
3.8,5.348833333333337
11.54,20.78652999999998
26.7,23.97394892857144
23.84,21.425108333333338
9.93,7.999933333333342
6.5,17.439100000000014
11.93,9.503115476190477
11.48,19.384599999999974
20.66,20.95331309523811
3.8,3.1943982142857137
32.68,31.922208214285728
23.0,20.822775
0.46,1.2076633333333322
1.8,1.7597799999999986
10.7,12.212316666666673
15.6,15.667263333333334
13.9,12.589333333333338
10.24,7.637329999999997
39.62,35.39209999999996
6.38,5.863526666666668
0.12,0.13903063492063492
16.4,12.54796666666666
21.88,23.59746666666666
22.44,21.068413333333318
18.18,17.747725
39.51,38.487499999999976
24.9,24.776999999999973
16.7,15.125209999999992
18.2,18.187800000000028
11.16,15.859400000000015
31.9,24.72130000000003
12.2,6.6902
0.16,0.2075152380952381
7.57,6.43940833333333
12.45,10.367053333333324
11.83,10.823920238095246
45.45,44.98914690476187
22.18,7.244299999999997
7.76,12.615583333333333
8.8,8.291059999999996
18.18,18.173138214285704
18.18,14.657949999999985
5.5,8.851975000000003
6.56,6.606926785714288
2.32,3.6856000000000013
14.58,5.856224999999999
34.31,27.61923
38.49,39.38710000000001
8.43,10.888016666666656
3.1,3.041856666666669
5.08,13.337300000000004
30.48,30.939999999999976
45.39,42.8946833333333
8.66,8.771738809523814
12.81,17.671250000000025
9.84,11.38380000000001
28.25,34.022599999999976
9.0,8.354824999999998
1.53,1.270000000000002
10.2,16.025699999999993
36.8,36.22455999999995
32.34,28.316499999999984
13.91,20.380743333333342
3.1,2.2222799999999987
32.39,24.693280889724324
1.35,1.414883030303032
45.11,45.48340000000001
7.44,5.933823809523808
27.36,21.037200000000002
22.5,21.236134999999987
16.51,15.795833333333338
5.31,8.656043333333338
0.01,30.16413499999997
16.65,16.8997373809524
25.1,25.30458333333331
27.1,25.156974999999992
10.51,11.857800000000003
7.68,3.5650416666666667
18.3,15.407833333333338
23.96,21.80186418288575
30.24,23.63445425022245
5.9,33.89058333333339
21.46,10.685240000000006
7.7,8.972278333333326
3.55,5.813966666666669
16.19,17.98098428571429
9.66,10.784699999999997
26.02,25.325336666666672
0.02,26.81374063492061
45.76,46.594000000000015
21.82,19.406458333333333
9.9,12.215250000000003
11.77,13.923232380952388
1.8,0.9661000000000008
10.84,9.812697499999999
2.2,5.6722549999999945
13.78,15.95063666666667
31.06,23.258738773105005
11.07,10.327543333333338
3.21,4.385730000000001
6.15,9.935325
8.5,12.15426142857143
14.56,21.208590964441917
22.4,16.510260000000002
0.42,0.39150499999999994
39.39,36.99161666666668
44.36,44.454745000000024
22.3,22.648503333333323
2.88,1.1209499999999981
6.06,6.229900000000004
23.86,25.830299999999994
11.64,10.656501190476185
39.89,40.45319999999996
1.1,0.7436833333333338
6.98,8.66762500000001
15.4,16.02755500000002
18.1,17.647083333333352
2.5,6.282410238095244
35.67,29.638066666666674
26.5,13.106800000000005
36.0,34.35183333333331
6.61,3.3768900000000013
39.8,45.30114999999998
17.64,15.444899999999983
4.7,7.236613333333341
6.78,26.426733835809
40.2,19.62346242063493
8.23,7.418644999999997
5.1,4.960118333333332
21.95,15.101542705627715
35.3,33.58103333333335
34.68,33.857231666666664
2.86,2.5166866666666663
4.06,3.910265833333332
20.6,19.99048999999999
11.1,10.916400000000005
23.59,20.772556666666663
5.73,3.986500000000002
7.64,13.58495285714286
4.65,4.482406666666669
10.25,10.927873535353536
10.6,9.692715714285711
19.25,20.174863333333327
9.57,8.975586666666674
5.0,4.713274047619044
16.47,13.018189999999999
22.3,21.449623333333324
6.47,6.5077239285714334
5.27,10.764533333333336
2.3,2.088433333333332
6.94,4.2071133333333375
39.4,22.937395396278603
15.2,13.630775000000002
1.97,0.9253816666666669
11.91,12.837756666666662
38.6,35.793
24.17,22.39796999999999
9.3,13.430299999999987
48.78,46.656068333333366
14.5,14.729533333333325
7.6,11.92916250000001
36.37,36.38993333333331
21.22,14.210028333333339
19.65,29.985451666666666
15.2,14.710771666666663
0.6,1.2015433333333332
48.61,41.75379999999999
26.77,16.435714332611834
25.7,28.817783333333345
18.18,17.94739000000001
10.34,10.758300000000002
9.2,9.014236666666674
23.38,22.90535833333334
4.02,7.4167000000000005
32.5,33.30744999999998
42.4,38.97600833333334
31.42,28.599341666666675
8.52,7.766889999999994
0.9,1.6719516666666656
12.4,26.58500000000002
8.36,3.875853333333329
14.36,11.65010095238095
13.36,20.111314047619032
48.91,34.53619999999998
21.29,14.037749999999994
12.67,13.288617222222223
23.81,24.200199999999974
4.23,4.166266666666664
16.5,11.519800000000016
3.8,2.7526114285714294
9.48,8.345758333333336
20.99,23.628819999999987
42.6,49.44109999999995
15.2,14.906979999999978
27.96,27.36089999999998
11.52,19.808174999999984
11.56,12.286000000000001
37.17,33.67288333333331
22.3,21.879550000000012
22.1,19.696193333333348
17.91,16.893236666666688
23.89,18.446376666666666
21.53,21.212316666666652
12.4,19.037892857142857
9.44,9.061906666666669
11.43,8.051319999999997
9.12,7.71133007936508
20.41,19.496866666666648
1.38,10.546757857142854
8.89,0.3651666666666668
22.7,22.6743333333333
16.45,22.47466047619048
30.1,35.1686
10.59,9.181625000000002
26.0,19.994849999999996
31.84,24.084411666666682
3.03,3.0512083333333324
5.29,3.696641666666668
6.5,4.422699999999999
10.78,9.187401666666672
4.99,8.653225833333321
1.42,1.4744073809523803
30.86,38.46941460317462
16.21,14.751009166666671
15.3,8.375099999999996
4.58,4.60086444444444
6.11,7.608805714285722
22.77,16.701516190476212
17.98,17.485685000000025
12.34,13.062433809523805
6.93,13.350555833333322
15.03,16.812799999999996
10.9,10.61989999999999
23.0,24.89982666666667
17.18,12.245109444444456
25.4,22.95938666666667
30.58,27.19381428571429
14.17,14.017174999999993
26.0,22.18610061641397
20.4,17.390417857142854
33.4,29.488499999999974
39.91,42.423199999999994
13.71,9.73702666666666
6.49,8.710710000000002
13.62,14.418371428571417
26.8,26.433699999999995
4.72,8.309960000000002
9.1,8.76617833333333
22.3,19.759191666666666
35.71,30.966033333333336
0.06,0.08846670995670994
32.19,21.191049999999983
47.51,24.692411111111113
0.24,0.1823866666666667
19.56,13.401633333333336
1.7,2.9960333333333353
46.5,44.72949999999998
12.8,14.218400000000006
9.3,10.628540000000005
13.45,11.349780238095242
21.5,17.814480000000007
11.0,10.130675000000009
46.7,42.03616
4.2,4.186699999999998
18.18,15.193360238095236
9.92,11.169533333333328
21.96,7.484502380952377
28.35,29.374605000000017
35.86,37.03756666666667
35.78,36.31567666666663
8.8,10.739830000000005
7.4,7.424166666666672
31.06,22.97736333333335
18.18,14.94990000000002
6.5,5.7069257142857115
22.51,19.53828095238093
6.06,6.098150952380951
38.54,31.787666666666656
4.31,8.395754285714283
1.2,0.6453452380952381
0.1,8.487684047619046
16.54,14.878283333333325
18.18,14.609176666666665
5.26,4.682858333333328
25.3,23.173410952380962
4.91,4.176608333333335
18.19,17.271935555555544
37.62,38.77240000000004
11.85,11.748180508658017
21.91,20.73799333333332
14.6,14.153350000000016
22.36,27.857323474581005
25.14,27.44087839889364
14.37,12.499103333333329
17.4,11.782099999999996
4.4,5.004299999999994
36.9,39.20659999999998
28.18,21.73246583333332
16.14,20.11180343676649
20.03,10.718592380952373
14.98,14.367291666666663
10.72,13.127399999999993
3.36,7.302299999999999
22.1,17.85715071428571
19.27,25.325383658820495
26.96,25.082542857142865
44.14,40.7014833333333
18.31,18.20075595238093
0.11,0.06322583333333326
6.83,7.362294285714284
32.19,28.325455000000023
23.14,24.544398835347696
3.5,7.0289
5.34,5.7462666666666635
9.1,8.174418333333332
0.2,0.31830000000000047
14.43,19.691159682539677
7.4,8.001554761904766
6.1,6.325700000000001
23.2,22.96494500000001
43.43,45.3642116666666
11.65,13.289378571428571
22.41,22.259074783549785
1.4,1.4592080952380941
6.5,4.598767500000003
8.61,6.845446666666668
25.74,23.557619723901393
14.2,14.139374999999994
10.38,9.478532500000004
44.57,37.33569999999997
22.4,17.98059261904763
20.12,15.669146666666668
23.02,23.380672380952397
18.66,32.11340000000003
13.53,14.639491666666665
12.97,9.656022380952376
10.55,8.875774999999999
46.4,43.048375000000014
7.6,11.664320000000002
3.33,3.0531333333333337
24.8,22.56089999999999
25.03,26.066273333333328
18.87,10.931364285714276
2.62,4.251516666666668
29.07,10.761978614718615
46.1,41.144066666666674
23.42,21.6893
4.43,8.9527
14.98,14.017174999999993
2.77,2.7287399999999966
21.66,23.48789999999999
5.66,4.466347023809527
13.98,13.726152857142853
0.5,1.750783333333332
30.3,25.931517619047632
13.96,13.72608714285715
18.18,42.49423666666663
2.39,5.139624999999996
4.88,12.099501666666672
17.15,21.084252505806543
1.19,1.713741666666667
18.18,18.09143333333335
18.18,16.87113416666667
1.12,1.6500916666666665
31.28,27.44087839889364
9.3,11.883841666666667
22.3,15.222499999999977
9.79,20.037859999999995
9.3,10.37449999999999
3.0,7.875013333333336
18.2,11.626416666666671
13.96,13.113978333333339
7.35,5.412542182539682
33.49,33.94202476190476
0.11,0.0885766666666666
10.4,18.33911333333335
5.19,7.833285000000009
14.34,11.819515000000003
22.96,27.470979999999958
3.14,3.0772246428571406
9.2,6.837900000000007
46.5,38.87416666666664
11.87,39.40019999999995
23.0,23.197871666666657
1.03,1.2372500000000008
9.1,19.336795000000023
8.6,10.050400000000003
18.4,19.062468551001874
8.85,10.076930952380952
9.9,12.424658333333339
3.0,13.405683333333325
23.53,29.39967873626373
6.95,6.658812857142857
25.1,22.297699999999995
30.2,30.780999999999963
3.26,4.208849999999998
12.17,11.92555976190476
3.72,5.281174166666666
20.62,8.051458333333333
10.7,12.15360000000001
3.0,5.207978333333329
16.63,16.792008333333353
28.55,20.11244673640085
15.55,11.4057980952381
15.41,18.66500835668066
14.79,22.83999999999999
11.94,25.395243571428583
17.09,21.780900000000003
8.18,7.506100000000004
7.9,6.793815714285724
13.15,13.056374999999994
1.3,1.4719214285714293
19.72,18.916766666666657
15.16,12.515801666666665
21.07,23.98172000000001
18.13,16.871436666666646
24.96,17.004095735930733
0.7,0.4947416666666662
0.39,0.2892483333333335
7.32,6.484200000000005
24.19,22.24119999999998
13.8,10.656650000000013
9.24,9.028839999999992
8.81,8.760749999999991
3.41,4.1323583333333325
9.37,11.530108333333322
17.15,25.13124999999998
5.98,4.098308333333336
1.96,3.4131999999999967
9.1,17.254345
17.47,12.157750000000005
6.1,5.831441666666665
22.4,22.08956499999998
10.78,10.361149999999993
24.3,18.462733333333336
12.21,12.026400000000008
95.34,44.934499999999964
3.59,3.2571783333333304
8.0,6.916233333333335
4.23,11.794729999999992
9.2,6.561750000000001
47.24,47.53209999999997
3.11,2.999803333333333
5.9,8.599840000000002
13.68,13.661278333333332
5.9,4.7622261904761976
13.61,25.174631746031736
1.39,2.0913449999999996
29.64,34.6371484920635
1.81,2.757871666666667
32.03,27.59930000000002
29.3,10.2197
50.73,48.84950000000001
26.45,20.775972354149882
7.11,6.399611666666673
26.57,26.044746666666654
19.18,24.820715234454823
12.53,11.87222666666667
16.47,12.068261865079373
21.83,20.11244673640085
15.22,12.245266666666673
0.2,0.15751499999999996
9.71,8.847066666666672
10.2,10.10229349206349
16.53,17.69088666666669
16.76,15.176613809523804
22.22,15.6265942929293
30.3,22.84318035714286
18.55,10.803623333333341
8.34,12.008068333333323
46.83,51.06369999999993
41.33,45.099800000000016
0.32,2.312660000000001
8.49,8.25164666666666
7.4,8.950953333333336
6.49,6.74308666666667
30.58,23.211245027019334
0.01,12.98534088744588
10.76,17.435843333333324
10.56,11.681799999999988
19.64,24.773188095238105
6.0,5.774320000000002
6.4,37.5273
18.6,20.235266666666664
9.23,10.12411666666666
30.3,26.599483333333342
5.77,8.392613333333333
2.17,2.0498999999999974
15.0,11.856054999999996
2.84,3.0680616666666665
10.88,9.212456428571432
1.58,3.302899999999998
28.54,24.48773333333334
43.41,41.63449999999996
40.6,35.526369999999986
12.15,13.923499999999985
23.83,22.567089999999997
19.4,18.741950000000017
20.63,22.112000000000002
16.48,17.109000000000016
21.3,11.83683333333333
19.1,13.054099999999998
19.89,19.925643333333333
4.79,6.016101666666668
3.2,3.9200999999999984
1.74,7.95625333333334
20.77,20.576699999999974
11.44,14.023658333333334
13.36,23.557619723901393
30.34,25.230867865698606
4.0,17.70246797619051
0.11,0.09226666666666668
4.6,5.952050000000006
6.86,10.385715000000006
44.79,43.492363333333294
42.29,36.56839999999999
10.0,10.054876082251088
30.4,22.56135714413854
1.13,0.8372999999999995
4.9,6.272333333333336
12.19,11.993733333333347
46.18,26.480020508658022
23.85,15.13221666666667
9.57,14.109060000000001
9.3,8.52082666666666
26.7,24.902413333333335
15.49,15.83073714285716
5.68,5.759981785714286
28.96,28.637808333333318
71.03,19.230900000000005
8.45,7.646400000000003
5.76,9.422818333333334
10.4,16.94145
9.41,8.798999999999984
4.47,7.626680000000007
12.63,16.225466666666694
18.24,18.53001121640914
1.66,1.6828499999999997
22.49,16.859508333333327
20.76,17.705899999999996
26.92,27.21622428571428
25.49,23.406158333333337
17.5,11.08489333333334
11.61,9.454348333333328
28.3,38.542890000000014
0.1,0.08278749999999992
18.93,20.2446773929131
31.85,24.820715234454823
61.85,41.02171999999999
6.84,6.800662881562893
12.68,11.722541666666665
29.61,30.127675000000018
13.8,13.400016666666673
12.6,13.827440000000006
30.3,28.577475000000028
21.11,35.477366666666654
7.28,5.4738
14.83,12.180096269841266
11.52,8.181492380952374
21.88,29.396570000000008
23.3,28.552862142857144
3.5,4.248766666666662
2.5,8.730433333333323
22.2,22.55580000000001
5.6,3.6026166666666652
8.0,7.675425000000007
18.19,17.199467103174605
11.5,11.414493593073592
14.14,11.732993333333336
35.5,33.89990000000001
33.93,31.60018750000001
16.4,13.140832142857146
8.55,6.447699999999997
2.17,8.61086
2.23,2.4307499999999993
13.2,24.015549999999962
8.23,8.596000000000009
10.4,6.98653333333333
3.1,1.7264928571428582
38.11,31.873269999999998
18.2,19.62052543650794
11.67,11.975946904761907
2.71,0.09434999999999989
8.04,12.436444999999994
24.5,28.686899999999966
6.9,6.411766666666662
34.53,31.26530416666666
28.9,33.14147142857146
45.94,43.67821000000001
32.13,31.61299999999999
38.5,30.895500000000002
13.8,13.953778095238093
25.34,35.10040000000001
22.5,21.65985000000002
9.33,20.062902619047637
3.7,4.309439999999999
7.43,7.327583333333332
45.03,23.504722045425655
4.91,4.546786666666663
0.77,0.6867666666666669
27.43,23.541704999999993
38.39,33.392
1.56,1.5355157142857139
17.59,17.033856428571408
7.3,4.929100000000001
32.16,26.130364126541654
7.0,10.153166666666667
21.64,16.62121666666666
0.1,0.09920833333333315
2.95,9.050099999999992
8.1,6.31137
16.18,14.58065000000001
13.66,9.876015
15.98,15.345099999999988
35.44,30.092950000000002
30.3,21.577833333333317
2.09,1.8207166666666676
22.31,17.411600000000014
22.26,28.013153333333364
7.3,6.479581601731605
22.28,26.020274404761896
7.14,6.471000000000003
41.35,30.118049999999986
11.8,13.599100000000005
8.02,6.645574999999997
22.28,22.010099999999984
8.98,8.492862499999998
10.53,17.727666666666693
25.78,23.112270000000017
3.4,3.9888099999999973
18.1,16.935666666666677
1.12,0.9198733333333342
21.1,15.513256666666667
22.3,19.73249999999999
22.3,17.1606
12.33,26.34098523809525
11.59,14.158450000000016
14.02,12.012333333333313
9.16,8.693283333333339
2.68,23.18795999999998
13.52,13.741536785714281
10.65,10.948809166666674
2.2,3.251833333333329
11.75,10.648166666666679
40.41,34.95119999999999
0.9,0.8315000000000008
4.12,9.347526666666651
18.2,5.818395277777778
11.41,11.121478333333332
6.7,6.63680000000001
19.29,18.262180952380962
16.53,19.05750833333334
21.5,16.55085
3.02,10.832315000000003
13.54,13.135074999999993
10.85,12.0413
5.57,5.270108333333338
14.4,12.969416666666657
3.8,3.8213428571428576
1.9,6.911491666666668
11.18,27.8297
5.8,7.117349999999998
14.09,9.960643809523816
6.2,6.059947142857144
4.6,3.637666666666665
19.61,18.737699999999986
2.67,1.8748166666666677
2.53,6.529783333333341
12.97,13.482391666666695
51.03,20.377171455998813
52.94,21.72902600751348
13.58,12.848972499999993
9.79,25.485199999999985
2.33,2.3068333333333317
14.94,16.65311391636142
5.67,14.161486666666658
18.18,12.560240000000007
15.09,13.519150000000007
39.59,39.17547333333335
27.11,20.926959999999994
31.62,33.99400000000002
31.6,29.406174999999994
6.0,5.9281000000000015
26.1,26.225299999999997
12.04,19.070900000000016
12.3,16.400033333333337
19.51,18.283768333333345
45.9,43.11659666666665
3.81,4.096533095238096
10.7,9.214047777777772
14.87,12.844579642857134
22.31,18.571939999999987
2.55,1.5572945238095235
1.32,1.8078999999999983
7.13,7.9141999999999975
18.18,16.472463095238098
0.15,0.12421333333333337
28.57,24.75250100802792
9.1,16.161119999999986
16.8,14.389100000000015
5.1,3.9203399999999986
0.13,0.11530162698412702
7.82,6.819738333333336
15.19,8.697808333333326
2.92,5.7258000000000076
2.29,2.1925166666666676
10.76,12.084783333333322
11.89,19.464809999999986
6.07,17.12004999999998
27.09,23.92280000000001
12.33,12.146751190476202
17.47,15.769699999999977
6.86,14.141166666666665
30.4,30.96426666666667
17.58,17.327170000000017
35.74,15.24776738095238
33.38,22.106486666666655
14.95,12.59376666666666
11.13,18.158462619047604
39.7,38.14959000000003
10.59,20.754033333333346
2.64,2.746033333333335
8.93,7.895048333333331
22.05,11.307899999999979
28.53,33.48320000000002
44.04,39.58815
19.23,25.325383658820495
10.7,10.488786904761902
0.04,0.09553785714285706
23.67,24.55048333333333
17.4,16.718175000000016
5.38,4.433514761904767
54.87,45.329199999999986
15.7,17.938183333333335
44.0,43.77446499999999
6.5,6.038000000000003
35.6,26.586100000000034
46.1,44.521550000000005
8.9,11.114633333333334
23.17,27.329437565038088
20.87,22.616201190476172
3.63,3.5734533333333336
28.63,26.00157999999999
18.72,14.034609523809518
8.08,8.484430000000005
8.3,6.1884800000000055
19.0,21.560383333333306
4.8,5.051349999999999
10.5,8.956952380952378
21.63,20.497080000000032
15.11,15.842999999999996
0.83,3.284355238095237
15.2,13.880441666666675
17.84,12.967098333333324
8.21,9.319599999999996
20.11,28.521197163711314
16.28,22.367257207792203
21.6,19.955900000000014
7.15,6.63754
19.47,20.253260949257523
18.2,17.560290000000013
18.19,17.081438333333338
27.74,22.56135714413854
11.09,9.564426666666671
7.84,7.618488333333329
8.95,10.492023333333323
10.97,10.626859999999995
13.2,12.687350000000002
3.49,23.552900000000008
32.41,23.794716190476173
11.46,16.598790000000022
22.35,23.781654370767882
1.6,2.557355
1.79,1.7757666666666667
27.84,27.7399
44.3,41.541899999999984
6.94,12.241671666666663
2.6,8.721636666666658
5.45,5.748278571428566
4.3,4.531000000000003
40.89,35.982700000000015
14.98,15.800199999999995
3.3,2.710300000000001
8.4,9.63384
10.49,7.637117142857139
22.26,25.431373495671
0.07,0.08201071428571426
16.4,16.644340000000014
13.6,11.758588333333323
11.1,8.811299999999996
23.77,17.446998095238083
4.42,6.213003333333332
13.97,20.52247166666668
8.64,21.49254999999999
42.65,46.12515000000002
4.22,6.7326000000000015
28.92,23.63445425022245
12.68,25.712774850778757
7.3,4.4914499999999995
0.1,0.7827916666666668
22.99,20.81322000000002
21.7,19.346929999999993
38.06,37.13282999999999
11.5,8.803835476190471
38.04,35.78221499999998
50.0,33.14806666666666
10.09,9.780716666666653
23.2,22.577435
9.9,10.687900000000006
18.18,17.49193333333334
15.16,14.38153333333334
20.78,25.612706666666657
9.12,7.262406666666671
0.8,0.8294999999999988
15.95,14.532699999999991
18.5,18.202013333333344
18.84,18.16522642857144
19.09,27.249446666666667
0.39,0.34733166666666604
32.2,40.48210000000001
15.8,15.289998333333344
32.91,29.701100000000007
47.53,42.9528
18.18,16.331184090909105
8.16,8.024519999999994
8.1,16.056618333333322
7.59,9.180700000000009
2.1,1.981455000000001
0.03,0.06427809523809526
20.76,20.009024999999987
6.3,6.038566666666668
44.76,44.65126666666668
11.52,8.158515952380952
23.3,27.755016315620654
19.73,16.074140000000003
37.3,38.62328333333332
18.19,18.093199999999978
23.06,24.052799999999984
12.66,12.41646583333334
18.2,17.332403333333342
10.53,9.129049999999987
14.5,21.05689999999998
11.0,6.473999999999992
0.34,4.027761666666668
14.88,15.480571666666673
15.2,20.597874999999977
29.83,23.79641666666667
23.49,21.05826966875051
20.2,18.857381666666644
32.25,28.27360000000001
14.91,12.268511666666663
0.3,0.2794500000000003
20.4,18.823725000000024
22.4,22.0894666666667
23.9,15.5426
7.44,4.794839999999997
9.8,10.22455999999999
26.53,25.381138333333343
22.3,26.93834166666664
0.11,0.08555999999999997
20.78,19.983490000000014
5.11,5.461060000000003
13.8,13.874149999999997
28.12,21.92234452380951
28.0,26.45343380952379
7.26,9.55387333333334
7.7,6.839233333333326
14.0,11.103848333333337
18.0,12.424911666666672
22.3,18.282299999999967
25.72,28.751514999999987
12.6,11.060916666666651
45.22,44.698433333333334
30.7,32.97505333333333
1.76,3.419584999999999
11.09,12.213119999999995
7.8,7.614756666666664
23.24,37.49380000000001
26.16,25.325383658820495
10.92,6.697500000000004
33.79,25.821899999999985
8.19,13.782908495670993
1.0,1.2352999999999994
19.6,21.522901666666666
18.2,15.689222857142878
35.05,20.27822906760723
0.03,0.6110433333333328
0.09,0.10128777777777763
41.16,37.52990000000001
13.37,7.035933333333325
11.8,17.68894999999997
18.6,18.463997499999987
18.49,17.89974404761907
18.19,17.195424999999997
15.33,15.579053333333315
21.37,21.031873077403475
17.44,23.815645238095243
17.6,18.087243333333344
49.6,24.569299999999995
1.7,3.2314799999999995
10.89,10.15571166666668
10.4,9.352099999999986
44.4,37.55380000000003
22.15,15.344040000000005
8.96,8.639122976190475
0.1,0.0467785714285714
2.59,3.0174523809523817
7.6,10.703999999999997
5.7,8.857323333333333
19.18,18.358380000000015
19.57,20.410908333333328
6.69,8.672103333333327
9.96,10.737010476190472
19.65,15.480098095238109
24.41,18.070415007815107
0.1,0.09957285714285699
4.48,4.358945714285713
9.23,13.465570000000014
36.38,33.02326833333334
17.77,17.076363333333333
4.12,3.471445238095238
67.94,29.92525000000001
15.96,14.847686428571416
0.11,0.08463142857142854
13.97,49.06105317460321
39.84,37.62118571428569
27.53,14.802300238095217
9.71,6.118899999999999
2.5,5.4197883333333285
13.81,12.304386428571432
20.7,22.362999999999996
20.76,12.667256666666663
18.4,15.996799999999986
10.8,11.540466666666664
4.0,9.291491666666664
23.82,21.208590964441917
31.36,13.008958333333341
37.75,26.243300000000037
20.1,20.812406190476196
36.21,46.17811119047616
17.4,17.906611904761924
10.7,10.914468571428577
29.87,32.56329571428571
11.17,19.408115952380943
33.16,32.15009999999998
2.78,2.6773000000000007
56.66,25.151699999999988
10.4,10.264430952380952
12.18,17.013861074481085
10.52,17.874850000000016
44.3,32.91492714285714
17.29,15.692699999999993
13.49,30.89187499999998
25.6,19.73535000000001
8.56,8.78161261904763
5.42,5.548604761904763
16.29,14.748516666666687
1.23,1.1211999999999995
0.56,3.3311150000000027
23.23,23.48789999999999
16.93,38.827391666666635
1.62,3.365485
0.37,0.09198095238095223
1.86,2.651493333333334
14.67,29.88818754201679
0.3,0.5470483333333336
31.9,26.331999999999994
7.04,41.04529047619051
21.72,14.458466666666652
12.3,13.198666666666645
41.23,39.21174166666663
15.98,22.963604252711885
27.05,16.348212949113154
8.25,12.968867619047623
8.5,7.145616666666668
8.1,7.952400000000009
20.05,39.37582999999999
10.66,25.65505166666665
41.23,41.12479999999999
18.83,11.891344999999992
17.43,40.04367666666665
0.06,0.09859999999999981
9.03,6.064392380952386
26.69,30.16489999999996
15.57,10.887850952380948
26.2,23.42789999999999
7.4,5.130079999999996
18.18,17.584000000000014
10.62,10.653233333333324
13.85,8.126916666666672
10.0,9.04499666666667
35.5,30.240937142857145
20.37,20.754033333333346
12.8,9.905880000000003
20.71,44.84787499999997
15.75,11.345970000000007
32.6,25.6989
38.84,38.94115666666668
5.26,4.764366666666667
1.37,2.9761875
16.47,19.975185952380954
15.85,7.569099999999996
7.89,6.591899999999996
46.96,36.991100000000046
0.44,0.4982999999999997
33.45,27.63499999999999
13.57,13.475087142857138
9.2,14.250551666666679
14.5,12.296550714285711
1.82,2.3940500000000005
10.0,11.187744999999985
13.72,13.118389999999998
22.3,20.43978571428571
50.21,49.569991666666695
1.99,0.7365000000000002
14.6,12.981974999999995
16.03,14.171581666666668
22.0,34.93902666666667
22.24,22.56135714413854
17.6,12.465843571428572
1.5,5.149043809523809
14.4,10.468649999999995
9.52,12.919744999999992
51.18,8.254919999999988
8.26,7.451450000000001
21.31,23.66923511826109
12.91,28.521197163711314
31.8,13.95152404761906
7.9,12.229342261904769
41.7,39.44073333333333
11.08,11.319338333333338
0.78,0.7653000000000002
13.71,18.165350000000018
14.1,13.89017634920634
28.4,24.253175804473297
22.84,18.376171428571425
15.93,14.985580000000004
15.0,29.13527666666667
5.06,24.541028809523812
22.56,23.62084714285714
7.37,7.092600000000004
49.26,42.09409999999997
30.6,32.69531333333333
33.8,29.680683333333317
20.39,20.05162588970163
6.24,4.607359523809518
43.65,41.11646666666663
18.1,17.903733333333356
7.61,9.273594199134198
50.6,45.37658333333329
36.13,39.83582619047619
6.0,5.373833333333327
11.72,17.339208333333332
38.7,37.82100000000002
25.34,26.485116666666663
34.17,29.77856666666669
35.23,40.74910000000004
28.44,26.56984
30.05,22.577172362914858
8.0,8.354824999999998
11.59,13.98027
13.18,14.107729285714274
38.24,38.13674126623376
13.77,13.176559999999988
8.22,8.170675000000006
20.89,14.63129921356422
8.63,8.15786285714286
22.4,21.067516666666673
5.1,5.204406666666662
18.2,17.440766666666683
1.05,1.0109666666666677
21.4,37.44980000000002
9.82,11.772180000000006
6.94,6.772538095238091
13.24,29.91890000000003
26.04,24.906783333333333
43.87,45.57533333333335
12.06,27.437200000000004
1.96,1.6695666666666664
5.2,5.362599999999993
6.2,6.112979999999996
22.3,21.31129666666664
52.21,48.86246666666666
11.5,9.803847619047623
71.72,66.43940000000006
18.9,22.21604523809524
4.9,3.9973416666666663
14.3,14.713668730158734
11.46,12.288239999999995
23.07,22.231326666666693
0.11,0.08171999999999997
12.71,28.297050238095235
6.2,7.241033333333328
22.4,15.314780000000031
16.6,15.217646944444416
16.5,16.034028481240977
16.81,12.86767500000001
5.42,6.076969047619048
5.92,13.840174999999988
17.13,18.168509761904758
23.12,26.130364126541654
4.35,10.555441666666654
20.76,22.292866666666654
9.95,15.059916666666666
4.68,8.197178571428571
13.18,12.071504920634915
20.0,18.3232
55.42,28.149499999999975
40.03,41.19942015873012
20.76,19.31883944444442
8.4,7.212080000000007
23.43,21.913453333333326
9.32,10.415015000000007
37.63,35.08089999999998
27.11,30.614183333333326
3.78,3.47026666666667
42.3,39.34961666666669
20.51,18.27550833333334
22.3,21.725168095238114
6.31,7.408616666666664
0.1,0.13841499999999993
16.73,17.368846075036075
9.94,9.999400000000003
2.91,4.909949999999996
0.2,0.1564416666666667
29.84,25.852099999999982
3.28,5.516519999999998
4.57,4.015153333333332
8.65,6.447475
12.77,11.72429666666667
25.0,16.97970000000001
18.2,15.010149999999989
18.2,18.09880000000003
28.98,21.98153903917978
25.94,24.342561547619034
19.2,20.781591666666667
19.38,20.876970238095232
16.36,23.966487629441076
35.07,26.697200000000016
20.49,19.73267666666666
19.98,19.024916666666638
0.1,0.08250674603174599
12.1,11.873366666666671
10.79,8.670958333333335
19.24,17.98391547619048
26.1,24.990400000000026
1.0,1.5477916666666673
12.83,27.149630389698224
20.76,16.911418809523813
3.86,6.481833333333334
4.3,3.843299999999997
23.07,23.93309166666666
3.88,5.916103333333333
4.38,6.8775733333333315
21.59,21.79304725857477
0.17,1.650600000000002
20.48,25.86456828643579
12.45,11.905981666666667
24.62,15.280833333333348
0.65,2.145738333333332
15.56,19.517398333333357
2.71,2.3080452380952368
5.88,8.046883333333332
14.83,14.070400000000012
7.4,6.475498095238098
10.83,19.448469523809507
2.9,5.675362857142854
2.71,2.7298333333333296
12.13,16.718175000000016
15.1,14.307501230158735
0.25,0.173567619047619
1.35,1.2442023809523806
18.19,17.596887619047617
35.93,36.803533333333334
4.78,4.303683333333335
24.2,19.575250000000008
13.96,13.01260952380952
26.56,18.376951111111115
13.35,14.79018833333334
4.96,3.802265000000003
24.27,25.946466666666662
27.04,17.787547619047608
11.7,15.2269
15.32,14.750674999999978
7.92,9.742649999999994
31.0,26.038218709791813
25.03,23.065566666666665
1.8,5.591470000000002
10.96,15.15343333333333
18.2,15.480098095238109
9.43,8.98232698412698
6.57,5.265933333333336
13.95,13.07128333333335
23.0,18.038600000000006
6.95,6.841650000000004
7.02,9.969649999999996
11.85,13.655003809523807
41.4,39.690599999999996
0.53,0.23539916666666671
5.81,4.835645238095242
0.8,1.531466666666667
13.85,9.935320000000003
18.89,18.701154761904775
7.61,7.753631666666658
12.02,11.378157857142861
22.52,20.203083333333353
25.47,23.835914396825416
21.24,32.99957
6.3,5.966891666666665
28.28,16.034028481240977
4.38,3.740324999999999
10.9,9.585499999999989
3.06,6.483022420634922
17.8,32.317449999999965
14.75,10.879390530303017
10.4,10.062822857142855
8.17,4.1605580952380965
26.0,18.736400000000014
18.19,17.46524988095239
19.46,17.55459999999998
56.37,39.86816
12.21,10.494853333333333
8.55,12.96023380952381
11.71,10.602273333333347
18.29,25.409799999999997
7.44,7.117353333333337
1.94,3.5198100000000028
11.48,15.64736666666666
33.68,31.307550000000003
11.5,16.5935
22.1,18.303400000000014
9.28,11.993999999999998
3.87,4.14479678571428
11.11,10.583774999999994
1.43,2.570983333333332
0.2,0.11336666666666652
19.13,22.4716425
9.66,9.228533333333335
24.0,21.37689999999999
30.2,29.854699999999983
24.09,22.907623333333326
40.04,37.80554999999998
15.63,31.12014272727273
18.18,17.84634730158731
12.58,10.388816666666662
25.8,23.306399999999986
12.34,31.66700000000004
11.6,14.721300000000006
21.15,20.43978571428571
36.01,32.66371666666666
13.72,12.855433333333314
18.19,17.971210000000013
7.26,20.450500000000012
11.5,11.44380000000001
17.05,23.504399999999997
24.0,23.095915
0.63,0.6499833333333335
3.6,12.993080476190471
17.2,13.53287984126984
65.99,12.791899999999993
9.08,10.053258333333336
18.2,15.146513333333345
23.96,14.200125970418462
22.79,27.63373558259112
19.76,18.15325999999999
46.82,41.50809999999999
7.1,6.087077777777782
0.05,0.0990622682872683
18.21,13.603144999999998
16.27,9.257734999999998
43.05,24.41487000000002
12.22,19.516599999999993
2.78,3.6989333333333345
28.76,29.509899999999984
9.32,16.986617380952392
17.03,12.671066666666663
3.56,3.629251832611831
14.0,14.180483333333344
19.18,23.469799999999996
19.85,18.979139999999987
22.19,21.19976499999999
19.3,10.476900000000015
19.63,11.728800000000003
9.42,9.263585000000017
25.9,26.80990000000003
18.18,17.6550411904762
22.47,25.24413880952383
3.2,5.740949999999999
16.1,25.266314812260042
31.68,25.445901468564113
3.04,3.002906666666666
14.98,15.254701666666667
11.2,14.48169999999998
4.45,5.268544999999994
4.47,8.400579999999993
11.97,22.198100000000004
4.2,11.292024999999992
14.9,14.063343333333318
16.84,15.60524500000001
0.1,6.624251785714286
18.2,18.19086904761907
5.36,6.189883333333336
9.33,5.9872202380952375
12.46,14.358384999999997
0.47,0.40274999999999955
15.58,13.993199999999993
10.61,9.336033333333342
24.02,19.94780000000001
21.37,17.80662404761904
21.68,24.892928333333344
7.06,6.759128333333329
23.7,42.721300000000035
34.0,28.44469999999999
9.1,8.112
24.56,22.646969523809503
25.94,26.51549999999999
9.85,12.0111
22.62,22.659276666666674
0.1,0.05818154761904758
6.9,6.652658333333334
12.4,16.51739642857142
46.81,46.43744999999994
2.3,1.5957066666666668
11.3,11.635025000000002
9.27,8.671583333333341
15.62,14.882699999999986
14.04,25.76805571428573
12.9,25.230867865698606
31.26,24.375583333333342
5.35,4.807847619047616
3.0,9.699440000000008
6.78,5.059281666666672
23.2,22.544292857142864
5.01,4.057243333333331
27.12,29.020300000000017
1.84,1.431520000000001
1.86,10.336375000000002
16.71,16.26794999999998
8.2,6.7912500000000025
15.21,14.780478333333333
21.25,23.226427399267376
41.0,35.498700000000014
8.54,8.947991666666665
11.92,18.06260976190478
13.88,12.492530000000011
31.26,29.112534999999994
2.0,1.7150797619047626
20.39,18.024745445665452
4.94,5.090186666666661
11.09,10.94853500000001
5.24,9.606559999999996
20.6,20.721874841269845
5.9,7.977179999999995
10.08,11.8801
11.44,14.744857777777764
11.89,9.165150000000004
50.73,49.175699999999985
12.69,12.064349999999989
22.78,20.2446773929131
6.01,28.578062619047632
10.88,21.97562837020608
20.08,19.811974999999993
21.47,17.17740000000002
29.16,20.436699999999995
6.44,15.123558333333309
5.84,10.273058333333331
36.9,35.863200000000006
12.33,22.31403333333333
17.71,24.515220833333338
20.76,11.82247595238095
12.66,12.890507142857148
19.91,17.787026190476205
13.37,23.237428448773443
35.39,28.349000000000018
37.11,37.21040833333332
0.09,0.07370333333333337
12.0,16.661299999999997
0.92,0.9422200000000004
1.55,1.4200966666666677
22.22,23.774829246031747
8.3,8.00029999999999
23.04,21.884833333333322
5.32,4.849377380952381
31.57,20.688103189033196
4.0,3.857891031746031
10.45,9.15606666666667
9.1,8.093333333333344
17.82,18.203245238095263
8.9,16.965000000000014
7.5,6.916214080086583
12.75,10.09166666666667
14.09,13.07394500000001
2.86,5.024957142857139
9.9,7.345890000000004
61.4,47.36939999999997
13.64,13.66197666666667
22.3,24.005748095238083
23.95,22.18658140081677
18.18,17.403236666666654
11.3,13.878400000000001
6.5,4.3705400000000045
7.53,7.266513333333335
10.57,10.515541547619039
18.23,16.809374166666675
15.22,9.913905000000005
13.56,12.350600000000009
6.9,4.134106666666663
7.0,6.3904833333333375
25.8,29.395100000000003
2.16,1.8519250000000005
15.82,15.476399999999995
8.3,8.697231904761901
6.6,6.3913850000000005
54.43,50.97740000000002
16.4,9.599449999999992
32.31,25.877540000000025
8.52,6.128842857142855
5.82,4.079974126984125
30.3,26.86238571428568
11.38,10.897261904761915
0.7,0.7155500000000005
31.72,26.332260000000005
39.46,40.22778666666665
15.2,9.5678
18.1,16.46101666666665
15.22,17.84383166666666
0.11,0.16003833333333323
16.28,14.317860000000014
10.92,11.534031666666667
10.02,8.233555
15.2,11.904574999999996
30.73,31.378200000000003
9.82,15.585408924963927
41.29,44.16186
27.26,20.775972354149882
17.1,17.40051095238097
14.14,14.77597
24.52,24.761916263888047
15.72,9.571900000000003
35.4,28.659100000000002
8.79,7.708200000000009
4.5,4.230190317460321
12.17,21.422666666666668
32.1,34.05064999999999
8.58,6.628246666666663
18.18,18.074725000000015
12.3,12.969075000000002
32.32,34.32
13.97,12.586942514430014
9.1,8.54457166666666
11.6,12.290199999999993
10.29,21.322086666666657
17.8,17.35087999999999
17.74,14.179766666666652
38.4,41.222950000000026
41.5,39.30660000000001
13.84,7.8223500000000055
8.05,8.716800000000003
21.5,13.088661666666665
18.05,12.166375
40.44,38.727799999999945
8.8,11.401666666666664
13.71,22.937395396278603
7.1,6.652658333333334
22.31,17.99751666666668
25.05,26.292500000000008
40.73,38.39420000000005
34.86,39.809100000000015
20.62,25.323966666666664
18.2,18.209071428571452
22.79,19.62346242063493
30.76,31.069451666666666
12.13,12.72159166666667
21.34,24.85233999999999
7.75,7.903442777777778
0.24,0.16122666666666652
39.27,18.635500000000008
9.95,8.301746666666665
9.09,8.644576666666671
3.55,5.346699999999998
14.61,15.153713333333336
0.31,0.26438166666666674
11.39,20.398704047619052
18.4,14.415604999999998
6.9,3.765520000000003
13.68,13.837900000000001
19.12,20.130978333333317
7.7,7.755129761904762
11.3,9.077975
29.6,21.25808333333332
15.1,14.344079999999995
24.24,21.672910000000005
3.43,2.6930838095238103
15.16,14.815507619047628
2.68,3.910265833333332
14.38,13.544535714285711
41.34,40.446366666666684
29.45,22.187666666666654
36.79,38.28639166666666
4.81,3.2339499999999997
18.5,21.092783333333337
34.83,31.734434995005007
4.27,3.0326285714285706
11.37,9.949452619047626
20.76,19.023200000000003
2.51,3.9973416666666663
7.0,15.317941666666677
12.96,9.929208333333337
5.5,5.597119999999997
3.59,3.2457754761904805
30.87,27.44087839889364
13.66,16.825700000000012
15.5,15.38308476190477
14.36,27.206645405982933
14.19,11.587233333333334
0.53,22.013707857142858
8.53,9.460743333333332
21.26,24.093625000000017
5.16,27.408735000000014
0.95,0.9247999999999995
24.93,24.248200000000015
38.5,36.424033333333334
22.1,15.487499999999994
17.35,17.68638595238096
42.82,29.77221666666665
27.97,17.821933333333348
0.12,0.44027166666666706
9.95,6.580349999999999
5.87,5.2600864285714275
6.9,12.50624
15.93,14.257193333333351
20.2,18.845600000000015
9.09,8.057109999999993
26.39,27.381300000000014
41.04,41.58562857142854
8.7,17.82277047619049
10.48,16.746916666666664
11.38,9.564426666666671
17.24,17.238574999999997
18.17,11.813975833333327
6.92,4.830568333333334
12.5,12.761564285714288
39.23,30.00209055555556
18.18,17.76366500000001
16.67,18.891372222222227
5.12,5.454464999999999
6.2,12.847146666666669
13.73,20.986110388777874
5.43,4.79768333333333
48.19,38.96350476190476
11.14,21.77076328942797
12.7,11.742449999999993
46.74,48.18881666666661
17.93,16.49954999999999
4.79,13.181243333333326
2.69,2.2564595238095237
0.3,0.22076500000000024
26.25,8.254919999999988
18.18,17.927776388888905
1.53,4.30129
10.93,11.572000000000001
18.8,15.95642333333333
4.31,3.1601750000000006
2.54,2.8076783333333366
4.19,4.6010033333333356
24.43,19.622083333333336
6.19,17.25343666666665
15.19,10.694773333333341
23.6,22.21554999999999
3.1,13.836850000000004
3.34,2.8279666666666663
24.09,23.484999999999967
4.63,5.655014285714293
10.8,10.003024999999994
31.6,13.960470714285712
12.29,10.58326857142856
0.65,0.4099999999999996
6.71,4.47543357142857
15.89,13.739494999999984
0.15,0.23206166666666658
8.6,7.705966666666668
32.8,26.766921428571415
11.24,11.764866666666663
12.57,15.73153333333334
1.36,2.609800000000003
6.79,6.664918809523809
3.06,7.375099999999995
55.69,20.108049999999977
11.91,19.96089999999998
5.39,5.62282000000001
39.36,37.42929166666667
14.06,16.573100000000018
17.8,14.807234999999997
7.0,5.556162142857143
16.72,12.542449999999999
9.95,22.68034999999999
1.16,6.206561904761897
9.08,13.658525
33.4,34.48860000000004
5.5,3.78733333333333
5.66,5.731527083333333
5.41,4.913626190476189
14.33,8.155926666666666
18.2,11.519800000000016
23.21,21.66413333333333
15.26,15.347814285714295
22.82,19.563860000000005
24.9,23.488099999999985
25.8,21.90003000000002
8.26,11.568966666666675
17.68,12.600004999999987
53.27,38.699199999999934
21.84,21.1805666666667
15.65,12.501975779220777
10.14,10.962719404761915
5.08,4.869719999999998
18.9,16.688874444444444
11.71,28.287100000000006
14.51,21.218374999999988
18.2,17.94294034271285
3.9,3.6836304365079378
13.9,17.47159999999999
2.92,6.6118500000000076
19.86,19.326099999999972
2.5,12.820241666666673
13.8,11.657614761904759
4.07,3.840741666666668
13.51,27.345285451371165
13.0,7.843199999999995
35.77,17.82395000000002
22.1,18.092890000000008
5.32,8.388536666666674
28.0,21.16410666666666
22.09,25.325383658820495
7.7,6.240316666666669
31.75,30.427159007936503
11.0,10.711890476190474
13.21,12.404855238095235
13.52,17.389761666666672
11.47,12.562370000000012
38.15,35.02935424603175
13.48,14.418371428571417
33.29,26.281115000000003
29.43,21.97562837020608
10.0,16.853600000000018
0.68,1.062400000000001
7.6,16.461916666666667
11.31,11.251199992784988
21.29,15.947964722222212
6.67,6.650299999999995
6.76,4.9291683333333385
38.7,40.77349999999999
5.42,5.298193809523817
2.79,4.343641666666671
22.4,21.158750000000012
46.06,44.73221964285711
13.7,11.549369999999994
3.8,3.2005000000000035
20.77,20.91999999999999
15.84,14.489569999999993
7.3,10.700219999999991
15.4,14.808246666666657
4.28,4.3278166666666635
37.1,32.95049999999999
25.18,21.05826966875051
15.2,14.353450000000024
13.7,17.075168333333338
15.84,12.74558
3.67,7.069099999999994
9.79,11.766883333333341
10.66,11.659591190476174
8.9,7.299508333333335
13.2,12.443331666666682
13.94,18.650150833333324
3.99,5.784029166666666
33.77,21.71029999999997
12.47,12.347034047619053
15.79,15.315100000000008
0.47,0.3268999999999995
5.4,4.998609999999996
5.5,5.018916666666668
10.51,9.135189999999985
4.6,2.695183333333332
6.6,11.257900000000008
8.38,10.870761666666667
27.19,25.325383658820495
18.19,18.427987142857134
5.09,3.816931785714284
10.34,17.122550000000007
20.12,27.6156830952381
43.72,19.56329666666664
1.82,1.6744885714285718
2.4,2.388450000000001
18.18,17.43558333333336
16.83,14.736195238095254
4.21,3.3221050000000014
10.6,8.435399999999994
42.79,39.080299999999994
23.2,22.20105083333332
40.5,37.24437499999995
6.26,5.934260000000006
18.2,15.725440595238101
22.3,39.98649999999996
6.58,36.9329
0.4,0.3695166666666668
12.16,15.25181476190476
9.1,9.105919999999992
12.9,11.5458
20.76,21.64063333333334
19.52,9.329449999999992
7.91,7.55088571428571
3.2,6.413534999999992
4.05,7.828275000000006
10.28,17.42738506493507
16.8,15.90400166666667
3.23,4.946416666666661
5.0,5.245378333333338
1.92,1.7676216666666675
4.35,4.114479999999997
4.0,5.929320000000002
4.18,4.1900266666666655
25.51,25.256348809523814
25.5,24.72881163558417
6.5,5.994699999999997
11.78,13.371399999999989
2.29,2.21273333333333
2.84,19.80346666666668
9.0,17.77112333333334
9.6,8.417613333333328
8.24,8.121984285714287
14.0,7.748692857142857
24.24,28.802300000000024
25.94,24.567149999999987
8.95,7.471237738095234
49.11,5.271118333333331
4.6,4.541378333333332
21.1,14.935500000000005
6.38,5.216506428571426
37.8,36.79764999999998
33.92,31.0125
3.14,3.359186666666667
0.6,0.6810333333333339
15.2,14.186599999999984
7.78,11.87465
24.07,17.22913347041847
7.13,6.508194999999997
36.87,34.672450000000005
22.31,20.21451476190476
19.17,23.62084714285714
16.5,14.811304999999997
10.0,10.083695634920645
23.6,22.180600000000016
62.3,40.61879999999998
3.42,4.0589833333333365
37.29,36.08431666666663
15.97,15.465266666666677
16.85,12.010882619047617
19.42,17.545199999999994
10.2,9.210116746031744
22.3,19.965996666666694
6.79,9.862996666666659
16.2,19.74910000000001
1.72,1.5825714285714276
1.77,2.4637000000000007
18.18,13.627433571428583
13.57,12.9131
7.46,7.673999999999999
6.02,6.75178571428571
4.85,5.309161666666669
40.9,41.13203333333335
16.18,15.428999999999998
22.3,21.904336233766227
28.1,24.225433333333353
22.26,21.04911833333335
11.39,10.352000000000002
0.14,0.09932833333333337
15.21,14.226766666666661
10.78,9.68732166666666
30.01,19.23920000000003
0.69,0.7234366666666675
10.39,9.888955079365083
6.91,6.66996833333334
24.05,23.698726666666673
16.48,14.714701706349201
16.6,13.968353333333335
13.2,14.158065000000006
44.0,44.490166666666646
30.2,29.550299999999964
22.4,22.192600000000034
5.6,9.536066666666665
2.02,2.3678000000000017
18.84,16.870058502886
14.61,10.29556166666667
9.69,7.599766666666673
22.69,22.933983333333334
9.59,3.7267799999999993
37.2,36.87065000000001
17.33,19.929766666666648
7.9,13.547211666666668
15.1,11.076500000000003
23.23,24.02190833333334
6.98,6.116921666666671
8.8,7.403833333333327
17.61,16.98158500000002
11.74,10.93263333333334
18.0,18.12136666666666
9.74,18.121997142857115
23.2,20.385763333333344
13.95,13.166440000000017
14.0,10.878975
34.19,27.993200000000016
9.9,15.95869999999999
22.73,21.481170000000024
10.55,20.048199999999966
47.85,48.933033333333334
34.0,26.310176666666674
13.46,13.931434999999981
13.98,16.629243809523793
15.7,19.828924999999984
25.2,25.842880000000008
27.29,25.712774850778757
16.8,14.59403333333333
6.9,7.2217000000000064
3.2,2.899503333333332
21.03,22.477703333333338
23.76,21.28004
9.81,13.040800000000008
13.24,13.710691031746038
14.05,11.934716666666672
0.63,7.318205000000005
16.9,22.937395396278603
16.9,17.147233333333322
16.25,17.26659571428571
20.76,21.13181269841268
14.53,14.455151428571442
0.1,0.05223499999999993
5.6,8.93216
10.63,14.604983333333331
21.29,16.304707777777754
50.43,30.584849999999992
7.94,6.65939333333333
0.12,0.10756690476190472
19.5,22.294859999999975
11.34,11.268000000000015
16.34,20.43799166666665
26.83,20.11244673640085
45.45,41.07829999999997
10.97,12.593699999999988
14.1,12.490523928571417
21.48,22.04334166666665
21.69,16.240085714285723
3.57,3.9995000000000034
37.61,37.32578333333336
9.91,8.029856666666669
2.05,1.976306666666664
0.01,2.6854183333333266
10.2,10.268828690476187
2.0,4.064899999999997
43.94,45.565600000000025
47.34,42.62405999999998
22.9,21.434903333333356
15.9,13.578524166666657
0.34,0.9306333333333341
14.83,14.150866666666666
4.18,3.9683952380952383
6.56,4.754375000000001
3.36,4.13483892857143
9.05,8.900885079365086
21.39,22.231125000000006
13.98,10.99633
7.92,6.1795428571428594
65.51,33.37129999999998
3.76,3.6140857142857117
20.26,19.41716
22.3,14.454333333333336
25.7,22.760908333333294
30.3,28.89069999999999
3.1,2.899796666666664
16.37,19.613981462772657
17.64,14.153245000000013
4.61,4.944891666666669
0.49,0.6648000000000003
15.9,13.382780000000004
4.3,3.9014500000000054
47.66,48.73910000000001
9.58,8.817686666666672
26.8,27.429616666666675
12.71,20.416800000000002
29.42,19.851200000000016
12.13,10.445936666666672
40.4,40.1609
19.64,23.62908835564062
21.06,19.908099999999994
17.12,17.57759999999999
32.0,29.63355
15.1,18.846692857142845
3.19,3.346173333333331
47.69,15.885313504273508
5.92,5.9060000000000095
9.43,9.077841666666663
11.07,16.52453611111112
22.99,19.660590000000003
15.56,9.514896428571427
15.0,14.176716666666666
4.51,5.416690000000008
5.1,4.394849999999998
1.78,1.9759966666666677
23.2,24.141863452380967
13.2,10.936285714285717
14.5,11.683978095238093
12.0,15.723366666666658
38.33,37.64219999999997
1.49,0.6780754761904766
6.7,5.6767980952380945
42.27,37.105111666666666
17.1,11.09126666666666
1.9,3.814898333333334
9.46,16.810500000000008
7.64,7.703250000000001
17.06,18.11838333333334
7.1,6.116921666666671
5.7,5.213080822510829
0.3,12.440666666666656
8.06,9.443848333333333
7.24,17.106173333333324
12.7,10.52251
8.67,8.77201896825397
35.83,31.79390000000002
2.88,2.7999083333333323
32.86,33.2547530952381
5.13,9.025199999999993
5.1,5.087359999999997
6.0,3.6088499999999977
6.22,4.840016666666668
31.91,21.153226126187196
23.49,17.70704428571427
18.2,16.520485238095247
41.12,36.350399999999986
7.91,7.873233333333328
9.42,8.991919999999986
19.9,23.557619723901393
18.85,20.442451666666667
35.19,30.70163266233765
27.92,25.953207619047618
5.1,9.511239999999992
7.94,8.904049999999996
5.39,7.084
4.45,8.152759999999994
16.44,15.722725595238098
12.6,22.683569761904764
14.09,12.806713888888893
9.29,9.393267619047629
10.6,13.21753333333331
11.4,22.199200000000005
7.19,7.041886666666666
6.79,6.664950000000004
20.24,47.484273333333356
3.86,3.4065866666666693
6.3,9.1609
9.9,9.906002619047618
43.96,35.88171250000002
34.48,33.325386666666674
14.0,13.727106666666671
38.25,36.93809999999997
5.66,6.447475
49.0,44.160462777777774
3.1,3.42045
15.78,14.126274999999989
10.9,8.917200000000015
25.12,21.619573461301776
37.18,35.11762000000001
15.2,12.603293333333324
3.1,2.6087149999999975
11.58,8.583200000000003
0.19,0.15869238095238095
0.02,0.03497000000000001
3.8,2.5399166666666675
2.61,4.6843999999999975
23.04,25.55767285714285
26.33,26.442274999999974
12.01,10.14926666666667
6.94,4.841413333333328
12.94,16.435714332611834
6.8,6.663533333333331
12.57,18.070415007815107
5.55,9.45719666666667
12.14,18.975900000000006
0.01,0.760821666666668
7.0,15.236949999999995
15.55,21.90106214285714
7.58,7.402983333333331
22.26,19.73267666666666
23.79,22.943600000000014
16.26,17.22913347041847
28.13,15.16066666666668
6.53,6.606926785714288
1.77,2.7578000000000005
5.5,10.593790476190474
9.2,18.632595
11.62,19.80142503968253
13.03,13.564911666666667
18.15,14.486583333333327
26.63,38.21945000000002
17.87,17.294650714285723
11.5,8.0677519047619
27.12,18.051110000000016
10.82,8.54465
19.06,21.870591666666655
29.63,17.712720965104275
1.71,3.1825333333333323
15.0,13.78140285714285
2.0,1.7688750000000015
20.7,18.47649999999999
15.83,15.10366666666665
13.9,11.210126666666659
8.2,8.170386666666658
2.9,2.9619499999999994
9.22,18.660054999999986
19.0,16.81068
16.8,13.811830595238094
11.54,12.270626666666669
9.23,4.291349999999999
20.76,20.965200000000024
38.9,35.398616666666655
5.52,5.7666166666666605
12.19,10.889555952380942
36.5,35.28081333333335
8.17,7.676739999999999
7.5,5.533251666666661
6.91,13.062433809523805
6.3,10.42728333333333
27.05,27.08339999999998
23.24,22.80794880952382
10.83,7.331700000000008
9.1,8.320048333333334
16.9,17.680841666666684
8.5,7.753036666666665
15.91,14.420150000000008
38.8,30.534199999999984
16.85,15.449800000000016
1.3,1.3346514285714297
7.78,21.891928254106997
8.3,8.355338333333336
7.4,6.050423333333333
13.6,14.165650000000012
18.13,15.469150000000013
8.03,25.213060510323004
29.04,29.763868333333335
0.74,0.8019999999999989
19.01,12.02492047619048
17.35,17.23380000000002
11.74,11.1362
25.56,23.17457476190476
2.6,2.6314657142857145
12.59,11.165158888888891
23.4,23.188
1.4,1.3987333333333354
12.85,11.850526666666651
26.37,12.664474999999996
9.4,7.499950000000004
15.21,14.847686428571416
16.78,17.73941666666668
2.81,2.731459999999999
16.4,16.426783333333347
4.7,8.050342857142862
8.96,22.302901666666653
7.03,9.450116190476185
13.63,8.733807142857145
8.32,12.559949999999999
4.6,5.309558333333335
9.3,17.643100000000015
37.07,36.504216666666714
0.1,0.17156952380952373
0.02,0.07929446997446996
20.09,19.9064157142857
9.36,7.247300476190477
8.7,5.276550000000001
8.21,7.67268333333334
10.09,11.569486904761911
8.05,17.568791269841277
14.8,11.627037619047632
18.79,18.127689999999983
3.2,13.653175000000003
22.4,16.894880000000008
10.81,30.34301666666668
19.29,15.342960000000005
17.23,22.544867857142844
8.48,8.18200000000001
15.09,14.297304999999994
9.38,14.666411904761894
21.4,18.57107142857143
8.04,27.734280952380914
10.32,9.386575000000004
22.32,21.795653333333338
1.1,1.2096749999999994
11.5,12.654253333333346
34.51,30.16413499999997
13.95,13.626744999999989
0.2,0.21643166666666666
10.21,9.547383333333347
37.2,36.907750000000036
5.94,8.581345
6.0,8.101853333333331
0.12,0.057046666666666586
26.13,25.32226666666668
27.81,40.46465000000003
19.03,49.21770619047623
24.69,18.31459000000001
9.77,19.809844312346154
18.18,16.87113416666667
16.2,15.436383333333332
9.1,6.780800000000005
1.49,1.3124500000000012
35.6,21.730724999999985
22.3,19.294949999999996
15.42,12.777994761904756
33.26,32.693110000000026
18.99,16.933366666666682
26.44,26.456371666666673
23.31,22.426641666666672
14.7,13.748699999999987
7.7,6.294429999999998
22.31,22.295099999999987
9.64,36.04518666666665
12.06,18.21789999999999
18.69,21.716801666666676
39.22,38.01579999999999
12.44,8.46726666666667
5.2,5.4878583333333335
9.6,60.752799999999944
8.34,8.338985714285714
5.62,5.561970000000006
0.15,0.24159000000000025
4.99,7.710737499999994
11.3,10.708029999999997
2.9,4.113284761904761
46.7,43.47209999999999
45.71,45.89301666666666
27.38,26.085969999999975
4.4,4.613381666666669
18.87,18.9684751984127
8.6,7.495649999999997
10.87,10.868965000000001
6.49,11.580440000000005
12.04,13.156025476190472
25.16,27.423925282418637
51.49,22.939067468879152
16.6,16.060622857142853
0.01,0.02192150294150294
3.78,10.093399999999997
27.45,19.763444999999972
0.03,0.053355000000000014
4.53,7.513419999999996
12.41,12.404555000000007
7.7,13.174816666666656
11.01,11.018505000000005
6.44,4.279950000000004
37.3,32.24440000000005
18.2,17.956464285714304
10.98,11.393500000000008
0.98,3.7633999999999963
10.7,11.608300000000007
24.33,18.819247942612943
28.2,18.215899999999987
18.1,16.611286666666672
0.9,0.8130999999999997
9.28,12.094069285714285
40.52,4.872747619047618
4.81,23.664299999999983
7.76,12.126235476190477
14.42,10.79472500000001
6.42,3.4493166666666677
13.98,12.702053333333335
8.2,7.8321583333333304
5.88,5.81638071428571
4.51,7.3900166666666705
10.9,11.938053333333341
6.59,6.61556261904762
6.03,8.528330000000002
8.92,14.641599999999984
4.0,5.219183333333331
13.85,13.272066432178939
3.89,4.186388333333333
13.0,12.96529761904762
22.41,22.590409999999988
18.0,17.643100000000015
23.33,35.08189999999997
5.0,4.562508333333329
20.3,21.24960401704391
20.01,20.24315000000001
38.55,40.37520666666671
45.33,42.37460000000001
21.42,19.234590952380962
1.68,1.712896666666667
25.28,18.472354122806998
42.49,41.667900000000024
22.3,21.42304833333334
1.49,1.064865833333333
0.9,0.7700399999999997
35.61,36.977899999999984
14.08,16.447161190476198
9.84,9.705648333333345
18.6,13.441411904761912
27.79,21.49726472555223
11.24,7.8880250000000025
27.1,26.471349999999987
45.79,27.70981000000004
3.77,8.485097380952375
41.29,38.475041666666655
3.8,2.4413166666666672
13.23,9.458808333333325
12.6,11.056733333333332
30.56,17.712720965104275
6.76,6.1447
36.6,22.073339999999984
14.61,20.11180343676649
8.33,7.856849999999995
15.1,13.18327000000001
28.8,27.9009666666667
6.72,6.321645000000001
7.5,10.273049999999998
4.6,3.9349583333333373
3.83,3.4978333333333347
3.05,3.564600000000004
20.05,22.315047388167386
17.75,18.833682857142875
21.61,27.877042284104775
24.7,23.760899999999996
18.36,27.12729559228954
8.6,8.755100000000002
6.71,6.237500000000007
13.03,13.176559999999988
14.91,13.95499999999999
0.37,3.830866666666664
4.38,4.886223333333334
30.9,27.42417499999997
7.3,7.761024999999995
5.32,5.03127666666666
23.8,23.9582666666667
10.6,9.028211154401152
2.24,1.792950000000001
5.2,3.723336428571429
21.43,27.12729559228954
30.3,27.175299999999993
4.23,4.3675999999999995
11.4,10.9088369047619
36.32,37.02784999999998
37.71,36.37489999999993
0.02,9.733404523809531
6.57,6.71638380952381
21.21,13.954074999999994
14.87,13.129149999999997
14.83,14.300268333333324
29.34,20.28539999999999
40.1,41.156299999999966
29.5,28.40349166666668
5.1,4.535441904761905
6.33,9.022830000000006
29.8,18.854574999999997
18.2,16.440450000000013
42.82,47.05011333333327
20.59,17.2875988095238
17.84,19.770857222222215
24.65,22.264453333333325
23.2,20.53149999999998
14.57,8.773390000000004
10.87,9.117600000000003
31.88,25.213060510323004
29.69,26.766066666666642
6.25,28.976400000000012
15.0,14.773844761904764
22.3,22.02133333333333
14.67,15.212604444444464
17.01,15.473096666666647
20.05,20.03998333333333
14.19,11.621539999999989
23.63,24.024542256909758
20.76,20.601816666666668
2.93,6.7577633333333305
4.37,3.579806666666662
21.48,20.933446666666654
18.75,45.142166666666654
15.4,11.521191666666663
44.57,49.9167
11.6,14.544939999999997
6.51,6.8488999999999995
16.83,17.31641023809525
22.34,19.84157911987999
1.89,3.3402648809523794
0.05,0.05386999999999993
6.08,5.546376666666661
9.01,18.02074773809525
3.73,3.5198100000000028
1.2,1.1832449999999994
11.71,19.36246697012138
22.3,22.189349999999987
12.85,15.788526666666682
7.95,6.912099999999999
8.14,8.476450000000005
8.73,9.293841666666676
27.77,25.12609999999998
34.09,29.584399999999977
6.4,5.421416666666669
18.18,15.444749999999985
0.01,2.8070592676767667
12.14,23.322748614163615
27.68,24.406600000000005
20.75,19.076743333333315
20.74,22.18658140081677
16.51,15.176395000000007
31.2,25.920641666666693
39.67,37.870700000000014
0.46,0.6963392857142858
16.3,12.401333333333332
31.99,36.78095499999997
2.9,7.2490166666666696
5.69,5.3543277380952405
12.88,11.30870000000001
17.3,17.124878333333353
4.7,4.984278095238092
9.2,6.7463
1.23,3.599224999999999
5.8,21.355771190476172
22.95,20.67212214285714
50.87,33.08234999999998
7.4,13.295980000000002
24.24,23.39275000000001
13.05,10.221596309523807
1.25,1.6726411255411266
17.5,19.204620000000006
4.83,4.618639999999998
39.95,39.336850000000005
12.39,18.23652869047618
9.21,11.171048333333331
10.05,16.46471619047619
20.76,18.18520000000001
10.56,9.805174285714283
2.16,7.239584999999997
8.9,7.66094619047619
18.4,30.59833333333333
0.6,0.6663999999999993
30.84,31.042438888888878
43.22,38.14929999999999
1.48,1.4583999999999988
0.1,0.08463333333333325
22.3,23.429000000000002
0.04,0.059914880952380935
24.24,22.911215000000013
44.42,47.13009999999998
42.7,43.77048333333329
9.4,9.437700000000001
18.9,17.699599999999986
2.31,4.369350000000001
11.34,12.301004285714301
8.34,7.658433333333331
0.1,0.15624999999999978
6.24,4.063470238095236
18.2,17.973459523809538
31.51,38.563233333333294
3.8,2.4413166666666672
13.15,10.88880000000001
18.18,17.748177446442448
2.79,4.682599999999996
3.4,3.0772246428571406
32.46,26.318649999999998
11.4,10.828603333333337
16.25,10.56697857142857
3.5,2.665791666666666
15.15,10.752320000000005
15.67,13.785839999999991
16.3,15.335400000000002
6.03,7.4722249999999955
10.87,11.804949999999993
7.7,17.58568666666668
14.43,14.748599999999994
21.64,16.459797142857138
14.76,14.196698333333332
13.91,15.818305952380973
0.87,0.8704583333333334
1.7,2.004381666666664
7.99,7.969793333333331
9.0,7.300218571428572
5.1,9.635899999999987
32.8,26.367318571428573
24.3,20.848826666666646
7.91,9.450116190476185
18.41,24.544398835347696
2.29,4.989185000000004
9.7,8.439452619047623
3.54,4.128493095238097
11.0,10.352518333333332
21.92,26.94950682539685
7.7,12.184300000000007
6.67,5.604566666666663
2.99,8.740018333333344
9.09,8.33255404761906
1.45,0.34600000000000025
37.3,45.18784166666669
15.1,14.056766666666677
14.77,22.357400000000027
9.84,8.722630952380953
28.17,27.236000000000004
9.34,12.599933333333324
4.14,3.9370333333333347
13.2,20.468791666666686
23.62,19.898233333333337
28.35,23.575492514104553
0.1,0.35122499999999995
3.0,12.155115
4.05,16.463000000000008
2.7,2.527749999999997
8.26,8.853685
28.05,26.789308333333324
9.0,9.967388333333341
10.61,11.1237
6.77,6.151935000000001
3.29,10.246978333333331
4.5,6.2408233333333305
34.77,27.615499999999976
11.41,18.019800555555566
10.5,19.56799999999999
2.8,2.871545000000001
12.76,10.18090000000001
13.45,11.714743333333326
0.1,0.08463142857142854
2.77,3.0153666666666665
11.2,20.698691666666676
22.3,28.678000000000008
16.89,18.179006948051953
6.88,11.45066666666667
23.7,22.94540000000001
19.08,17.532222380952405
21.15,19.92406880952381
3.43,3.313596666666665
1.3,0.9962666666666674
19.69,6.624251785714286
45.99,44.08040000000002
12.62,13.21285349206349
3.82,5.766895238095236
0.02,6.301432619047619
30.64,30.910999999999966
20.36,19.85080000000001
5.51,5.488800000000001
7.64,11.356251904761903
8.44,16.161119999999986
18.2,18.470313333333333
18.67,15.005583333333336
22.66,21.074999999999978
27.69,22.196899999999996
18.18,17.016393333333326
6.83,7.211574047619053
6.55,6.0830649999999995
0.1,5.079713333333333
1.9,2.8402400000000005
50.1,50.266879999999986
12.5,10.132899999999992
14.6,11.252456666666662
29.9,26.264956190476187
1.0,0.707100000000001
6.9,6.712150000000005
8.28,7.312110873015866
10.2,14.447221190476187
18.18,16.047641666666674
22.4,22.0894666666667
7.6,7.142509999999998
2.6,5.112146428571423
15.21,15.795350000000001
6.34,5.564804999999996
13.09,13.459633333333331
9.7,13.783779047619056
0.55,0.3637000000000002
14.87,14.886500000000014
12.3,0.14033333333333325
0.02,0.07929446997446996
29.59,22.125846151994956
37.4,24.85075
29.01,33.384969246031744
14.98,22.76943529627579
5.28,7.933799999999995
0.9,0.8537999999999998
20.89,18.9008
8.9,10.433800000000002
0.2,0.11095666666666652
11.24,10.484850000000005
21.9,24.258568571428583
43.3,39.50273333333337
13.47,13.97561619047619
15.78,14.417500000000002
18.18,13.312156666666658
21.57,30.837362511516254
13.22,10.403733333333353
22.99,21.72941658730159
22.17,12.774890476190478
20.38,22.396851428571416
15.5,16.26859999999999
15.2,14.294419999999993
18.89,17.913156666666673
12.95,13.334086904761914
19.9,22.25415571428571
24.4,35.01670666666665
29.7,28.393249999999995
20.49,15.779287499999986
6.7,6.687999999999996
3.83,3.9986271428571403
14.7,12.907766666666669
0.28,1.9780999999999995
2.73,5.288470000000003
20.61,27.21929722943723
11.1,12.420076190476195
13.95,10.885833333333334
9.51,14.352442142857155
12.1,8.213764285714298
21.3,19.17413333333333
25.71,23.06446666666666
7.0,10.384884999999997
6.11,15.432200000000009
19.09,18.195151406926424
3.42,3.2457754761904805
10.1,12.089799999999995
18.67,12.12661333333333
30.3,15.413224999999981
0.01,0.039931746031745964
22.31,17.608886904761906
14.02,12.401956666666663
12.4,13.85126666666667
39.02,38.78045000000001
8.8,9.724766666666666
7.07,12.702250000000008
14.4,12.367977777777776
18.2,17.79558142857144
25.22,23.047789999999985
1.25,0.9574000000000004
38.7,25.269100000000023
21.73,20.11180343676649
7.73,7.813325000000003
14.49,15.867316666666635
6.96,13.269146666666659
4.67,7.7924000000000015
30.39,27.01675999999999
38.57,33.4942
5.84,4.49978
15.9,15.136445000000005
3.6,8.267333888888892
9.3,9.055499999999993
18.22,16.770525000000006
4.63,4.417599999999997
8.58,8.678659563492056
16.79,8.87594833333334
14.04,5.3086
19.44,24.866908333333342
4.1,4.1596499999999965
6.98,5.711696666666665
22.6,22.833333333333336
7.92,5.475900000000001
40.16,41.44739999999998
15.14,23.258738773105005
11.42,10.784711904761918
3.55,3.8613559523809498
8.7,10.682700000000013
10.42,11.021425000000013
16.5,13.652321666666667
5.79,5.53573
26.04,23.027300000000004
40.73,23.80070000000001
10.95,10.70685
16.44,16.432646666666674
26.06,16.847003257853256
13.24,28.902794999999998
24.08,11.22069166666667
20.27,17.903228333333338
3.5,3.271075
13.64,24.424326142857115
19.65,20.34554523809524
11.54,16.323200000000014
48.9,50.159498571428564
7.21,7.2602966666666635
4.2,3.9974809523809554
25.3,22.611665238095235
3.04,2.604642142857145
19.01,14.58280666666667
0.27,0.18133333333333332
12.7,19.637690000000013
34.82,28.876016666666693
22.97,26.130364126541654
41.63,41.000316666666656
18.91,20.91999999999999
16.85,9.95747
8.45,8.775210000000003
29.44,20.845362619047624
2.9,8.5538
7.14,9.323971428571422
19.3,31.299699999999977
19.1,18.383966666666684
38.95,35.579999999999984
15.2,19.54585833333332
8.11,11.000400000000003
8.21,13.337891666666671
19.09,16.30322500000001
9.33,9.287264166666667
14.14,16.685312499999984
9.4,16.842433333333343
0.49,0.15087499999999993
34.39,28.30409999999999
23.7,17.571398809523792
25.06,20.05162588970163
2.47,11.435669999999998
17.39,19.449566666666666
1.19,4.448106666666671
3.6,3.298500000000002
29.8,27.25649999999998
19.62,23.302266666666675
18.2,16.57920000000003
16.92,11.545222619047616
10.1,9.943291666666669
35.4,32.17140000000003
33.8,29.822023333333323
63.35,61.50670000000004
44.7,44.021000000000015
18.2,18.016895000000012
6.03,5.576349999999999
25.5,22.622566666666657
32.11,18.650150833333324
17.66,38.13674126623376
6.73,6.772538095238091
18.2,17.218650000000007
9.09,8.728456666666661
24.1,20.582700000000003
8.68,11.833129047619046
0.58,0.5325833333333333
13.54,13.768029166666654
18.2,17.00873333333335
5.8,12.473806666666665
47.63,46.212936666666664
9.0,8.880050000000004
20.76,20.72618333333331
19.52,28.270305000000008
9.1,6.088819999999996
6.4,4.998168333333332
16.7,17.186200000000007
45.45,46.84913333333332
15.69,25.280489267026834
0.01,14.08750615800866
22.29,25.67890000000002
7.51,5.128979999999996
39.0,36.43519999999999
19.93,14.067949999999978
20.12,19.69495833333333
5.3,4.849199999999993
3.36,3.3794616666666655
14.99,8.884991666666664
20.1,20.554231666666666
9.07,7.892337142857141
40.84,44.98708152958156
23.73,21.220899999999997
30.54,19.065699999999985
22.88,23.254327619047608
19.48,21.542342857142867
10.09,7.085909999999995
12.86,9.757333333333339
10.17,15.872206350838702
4.8,8.914807619047625
37.63,38.37495666666667
0.01,4.662016666666674
0.05,0.02192150294150294
11.14,25.435800000000008
22.3,20.933446666666654
19.14,17.209765000000008
3.2,4.466347023809527
0.08,0.22333095238095235
31.56,25.325383658820495
32.77,30.988575000000015
6.7,5.625216666666667
0.12,0.1388809523809523
38.8,39.43184999999997
24.21,23.218466666666654
3.71,4.395725000000001
24.4,22.7599
11.8,20.16070666666665
19.44,11.501336666666676
14.91,9.734939999999996
38.4,36.909166666666664
36.36,36.29216666666666
5.46,5.259350000000004
3.2,5.4832333333333345
7.9,6.30576666666667
32.79,32.28164999999999
24.09,21.58869999999999
8.85,9.043620000000011
23.35,21.539661666666653
15.28,10.407819999999994
14.61,13.007457380952369
23.2,23.214333333333315
5.1,4.330165000000001
32.18,19.842453571428567
6.31,7.452750000000009
22.3,21.13181269841268
5.7,6.838033333333334
59.48,36.6674
11.7,9.396712380952373
16.47,13.054653333333327
13.36,16.178380714285723
3.68,2.3163000000000027
12.46,17.50705575396826
4.21,6.7326000000000015
31.8,21.67140000000001
4.51,27.58614166666665
39.39,35.96782083333331
9.42,9.475416666666675
7.0,7.732668571428576
40.04,24.35765238095238
24.05,21.847000000000023
18.18,18.442083333333336
45.45,42.48298333333329
11.09,11.080189047619042
20.06,19.62052543650794
28.62,35.42464072478991
27.01,26.869341666666614
15.46,14.436740833333342
22.3,13.449900000000008
21.96,19.882075476190458
16.18,18.48159333333334
11.3,9.389989999999994
0.64,0.5076157142857142
8.26,7.851908333333328
22.21,24.761916263888047
8.5,5.129900000000001
20.02,19.51944119047618
0.05,0.10894093267843274
4.72,4.826646666666666
30.24,32.06002083333329
14.55,17.012000000000018
1.49,1.3570708333333334
10.3,10.27092597125097
3.25,3.0435333333333316
13.9,16.864616666666656
19.52,25.510028333333338
15.96,10.086458095238095
21.34,21.720206666666655
8.79,7.655450000000011
16.63,15.851582142857147
9.73,27.419500000000024
5.47,5.394091666666667
2.08,6.8805916666666675
9.55,9.280824999999995
20.8,13.397416666666663
13.3,15.387845714285724
21.87,20.253260949257523
2.02,3.1394083333333356
16.34,16.650353571428575
20.4,19.492136666666678
11.18,8.079533333333337
25.77,23.831200000000003
42.36,12.546980952380947
13.38,8.870649841269847
17.79,22.18658140081677
12.67,12.651440952380948
8.2,14.071938333333344
3.56,3.3340366666666648
3.75,3.6405728571428555
8.83,10.927199999999994
15.51,14.562097142857148
15.6,34.06280666666668
41.9,40.15917499999998
16.72,23.504722045425655
6.55,5.370033333333335
18.58,41.53729333333334
13.2,11.68184166666667
30.3,24.213999999999995
29.98,21.992850000000004
9.15,4.983392857142861
56.09,46.45074999999997
18.19,11.777181666666674
39.2,36.917658333333314
32.6,26.75216666666668
1.29,1.2490800000000015
14.7,13.198158333333335
9.6,26.11239999999997
18.18,15.789014285714268
32.15,35.55069999999999
41.8,42.87299999999996
10.29,9.975937222222225
16.46,15.444899999999983
17.7,19.68701547619049
17.7,17.013564285714292
0.2,10.182926666666676
0.01,9.195848571428577
8.96,11.467523333333343
12.9,22.586508333333327
28.91,29.33122
14.8,10.518962380952374
12.42,17.891400000000008
9.2,15.868600000000017
14.85,34.34439047619047
23.2,15.448049999999984
9.94,11.4608
18.87,9.72564000000001
6.62,5.5921
6.43,5.841815
13.35,13.064454999999992
6.0,6.229248095238097
9.72,9.242400000000005
4.09,3.787083333333337
22.2,23.656450000000003
4.27,6.092516666666666
62.44,40.077899999999985
6.51,6.782546111111112
21.49,29.97165
15.0,6.993497500000003
5.07,5.744995555555553
30.3,29.351600000000033
11.69,25.97129999999997
13.95,10.694670000000004
20.73,21.711073333333307
9.7,17.803728571428593
17.61,19.652699999999996
10.61,16.872678333333354
3.4,3.2820999999999985
6.36,5.843505952380952
11.42,14.182670000000012
5.4,5.056972619047616
48.46,32.18970740259742
23.9,27.593949999999996
29.64,25.213060510323004
11.27,19.91608333333334
9.4,14.270516666666675
18.77,18.38008571428573
10.96,10.764696507936506
1.1,1.123599999999999
31.0,31.372949999999996
18.2,18.196540000000017
13.99,8.76735999999999
9.59,15.003138333333318
17.9,17.176840000000023
7.89,14.143061666666684
13.24,17.51044166666667
25.1,19.722300000000004
21.7,18.147350000000003
7.27,4.418899999999996
6.63,6.69795
42.1,37.16839984126985
7.49,8.107023333333332
13.6,26.500499999999988
0.1,0.08846670995670994
13.11,11.635399999999997
4.45,4.6435333333333295
10.5,9.631275000000002
10.79,21.597673095238083
3.1,8.183800000000003
14.5,12.951363333333338
9.7,10.159649999999992
24.13,21.965700000000002
3.1,6.7017999999999995
22.3,19.67135333333331
4.79,6.254241666666667
19.2,19.240161666666662
46.8,39.952799999999954
23.0,23.469584999999984
8.63,8.606142857142856
39.0,38.34359999999998
1.2,1.8991516666666695
10.5,9.498400000000004
15.1,16.166523809523827
32.88,25.97470000000003
14.71,17.246800000000004
9.07,9.351600000000001
4.45,3.5818933333333343
15.9,14.568325000000014
11.63,20.772439523809513
23.6,23.72188000000001
5.96,12.417983333333332
2.0,2.133675000000001
10.47,13.98027
18.52,36.225242586580094
7.6,6.7001500000000025
17.5,17.326940000000025
7.52,7.273213333333342
3.9,3.899193809523812
3.1,2.4296333333333338
0.02,0.7289977777777785
22.3,17.94550981240981
13.3,12.671608333333335
44.1,11.497099999999998
12.26,21.644424999999973
19.99,27.015851428571423
34.72,22.985814285714284
23.0,22.01715666666666
24.7,13.080633333333346
10.91,10.892530000000004
20.86,20.97911666666666
31.6,28.388850000000012
12.75,20.816633782288918
12.4,8.651738571428574
1.34,1.243361666666667
20.51,11.92671809523809
26.9,22.695400000000003
3.92,3.840309999999998
37.65,35.02609999999998
6.84,6.460169166666661
9.58,10.265200000000004
46.23,48.225249999999996
16.2,14.804520000000007
0.21,0.4410166666666669
35.28,33.441899999999976
8.71,7.089867294372295
20.6,27.65150000000001
22.1,11.501566666666669
40.57,16.12596250000001
11.3,6.236524999999997
17.67,17.42213793650796
22.31,21.597673095238083
13.51,11.523132619047617
3.4,14.288100000000009
11.48,9.708532619047622
27.97,9.757333333333339
17.34,8.784208333333344
44.2,43.43169999999997
31.85,21.360037258868584
27.86,19.43017444444445
6.82,6.422098571428574
5.24,4.4233
7.5,8.181989285714291
5.89,5.2231380952381
0.05,0.05387499999999994
18.8,20.78379444444446
24.59,23.4615
10.13,7.209016666666677
1.44,1.4131366666666692
11.16,9.189499999999997
5.1,4.400789047619047
7.38,17.42428833333335
27.34,27.032674999999998
0.02,0.038332142857142794
11.45,12.674423333333339
32.3,21.507583333333333
6.07,6.22002
17.38,9.869651666666675
12.62,18.72656065656566
12.1,14.305816666666667
25.56,34.98139999999999
23.12,23.13155595238096
1.3,1.6349766666666665
0.03,1.8644764285714281
7.14,13.340200000000003
19.73,14.977333333333325
8.44,20.178429999999995
22.31,20.055549999999997
4.49,7.22884
17.86,19.56744726190477
8.0,7.246316666666659
31.7,27.39233
10.4,8.998750000000003
20.76,20.396114999999995
15.56,13.652321666666667
14.59,12.806763333333343
3.7,2.3860300000000008
14.04,12.266433333333346
13.8,17.061400000000003
12.75,12.480777142857146
18.2,15.237533333333335
0.06,0.08010305971805971
14.35,11.326703809523803
10.9,10.844318333333325
18.9,22.579805952380966
26.15,25.982299999999977
11.71,13.36679523809523
1.0,0.9293616666666668
30.3,29.16159999999997
26.57,26.47742999999999
10.78,15.286299999999999
37.3,28.51296666666667
6.0,4.658750000000001
18.73,18.926166666666653
6.36,6.719233333333342
43.68,34.617334761904765
12.64,11.291552261904771
9.6,9.42759333333333
8.81,10.752838928571423
7.87,6.747559523809534
15.33,15.370271904761916
17.6,18.797820000000016
9.56,7.602603333333334
1.75,6.786583333333331
11.84,9.468425000000012
12.9,12.200565238095237
2.73,2.8105933333333337
39.31,38.999199999999945
11.4,12.980799999999995
27.29,18.041383333333318
18.18,13.99765952380951
5.1,6.2284500000000005
4.86,4.528194047619046
19.4,18.951933333333333
0.01,0.03224214285714286
29.63,28.20164166666663
4.5,2.4636200000000024
15.56,14.256175000000008
14.52,19.596132802789754
47.25,46.80640833333333
7.26,16.156230000000008
50.09,55.157266666666686
5.55,10.88965
31.54,31.418599999999984
11.21,14.492588095238089
1.18,2.44846
6.53,5.261816666666663
0.03,0.0811753174603175
24.42,34.579175000000006
9.2,8.444026190476196
2.97,4.490822777777778
7.31,6.300352777777777
10.82,11.203344242424228
4.9,10.512520238095238
21.66,20.22911666666667
10.94,12.279990952380947
22.3,19.805013333333324
44.71,31.965050000000005
19.58,18.723249999999997
15.48,14.390289523809535
15.48,10.892723333333336
4.59,7.843176666666661
4.77,9.467099999999993
12.8,11.261789642857133
16.3,14.003300000000003
31.3,30.2581
5.74,21.72902600751348
20.86,20.11244673640085
34.07,35.1484
14.49,12.726494880952375
24.21,13.894172380952376
30.74,25.889924798290373
48.04,31.838736515151524
15.89,15.062633928571431
12.26,12.509972777777776
6.11,8.928260000000012
25.41,23.50676833333334
14.36,19.778329999999972
6.46,6.255459999999997
9.08,13.857026666666679
11.69,19.06804488650382
21.73,18.66231666666666
19.3,17.60244000000001
16.5,16.623099999999987
3.34,7.415600000000008
6.4,9.90870833333333
8.79,8.28305416666667
4.6,3.7619333333333342
16.5,12.292244444444448
46.4,41.78949999999997
4.7,4.530300000000006
34.06,43.58152785714283
43.88,42.280350000000006
21.74,20.443399999999986
32.93,18.790730000000014
4.75,6.21145
4.57,10.578153214285713
9.9,8.988005000000001
10.74,6.625716666666659
19.97,19.485666904761903
23.59,23.37149999999997
9.02,18.48309928571429
3.03,2.0901999999999994
17.0,13.579558809523808
13.03,19.062468551001874
18.9,21.79304725857477
12.64,7.989600000000005
23.8,21.677475000000005
2.97,2.6116195238095226
20.33,21.35291999999999
20.92,20.332866666666668
19.42,11.342384761904766
23.2,31.198699999999988
8.6,5.6119299999999965
12.15,25.213060510323004
22.97,18.916309801262493
11.7,8.28305416666667
14.53,29.153775
23.86,23.56079999999999
11.4,10.998599999999987
6.8,5.530504444444445
46.1,42.04049999999992
7.6,7.813325000000003
1.1,1.9292000000000002
26.68,24.761916263888047
9.0,13.532499999999994
9.91,9.206793333333335
30.68,27.928300000000036
11.35,11.915833333333335
11.27,10.189075000000017
28.0,17.706216666666688
29.0,29.171400000000027
8.4,15.064919999999997
21.92,23.94906666666666
36.3,45.028099999999995
5.49,5.121352619047619
23.34,25.30836666666671
1.98,5.8977452380952435
11.0,10.653341666666668
35.6,36.13077333333333
42.3,41.34139833333334
31.74,33.181654761904774
18.88,20.92290647838182
27.09,16.08473523809525
30.4,25.82740000000001
23.07,16.337640714285705
43.9,43.45462083333336
3.03,3.0905799999999988
39.91,40.586804166666646
6.8,6.939109523809515
18.18,17.72463
40.42,38.689119999999996
6.25,9.7335
45.39,44.08790999999999
9.32,7.437640000000007
24.3,22.339974999999995
34.15,40.12744999999995
3.12,23.575492514104553
4.31,6.388466666666667
17.09,16.348212949113154
20.38,17.093575000000005
27.15,10.426859523809526
10.42,15.100963333333329
3.42,3.5072838095238112
6.74,6.52598015151515
11.2,11.223000000000015
20.76,15.19825333333332
2.0,1.991833333333334
9.98,8.215116666666674
26.08,32.77899999999994
11.51,15.044742380952375
13.2,10.456760000000004
1.1,1.0620999999999983
3.37,3.3199666666666663
10.33,8.863070000000008
15.5,13.930388333333326
16.2,13.102150000000002
0.46,1.3953916666666664
15.49,26.650166666666667
22.72,15.397566666666657
31.21,39.215700000000005
25.79,19.014249999999997
10.18,12.223988048340551
13.99,12.416233333333333
3.4,8.90508333333333
11.58,23.029863333333324
1.0,0.9656000000000003
3.46,4.5659
17.57,13.31735499999999
45.06,28.011199999999963
30.4,21.287748333333347
12.24,10.430274999999996
1.99,1.5258083333333325
8.07,13.385616666666666
22.54,37.12401666666667
50.31,21.58111392135641
23.33,21.97676333333335
16.06,15.983350000000021
9.5,9.997983333333327
9.49,14.04471
34.4,19.495199999999997
21.9,20.737920000000013
7.86,8.480583333333325
3.72,3.668974999999998
10.65,21.762813333333355
37.44,38.878249999999994
18.52,18.670353333333352
3.1,2.025549999999997
39.88,38.849907142857134
14.45,27.408735000000014
15.2,15.123558333333309
3.32,0.7720399999999996
4.73,3.80204
7.3,8.263599999999997
21.31,22.82110000000002
4.8,4.728350000000006
10.0,9.629630952380964
10.2,9.59255000000001
2.9,2.7922516666666657
13.12,10.672375833333337
33.6,35.08189999999997
38.76,27.470979999999958
13.92,12.49133666666667
8.3,7.775291428571425
28.0,24.30337499999998
31.63,17.632563333333334
13.04,10.30636952380953
15.16,12.572800000000013
14.61,13.976955000000002
41.71,23.774829246031747
12.1,10.859951785714284
3.92,8.832950000000013
19.9,19.00690000000001
1.47,1.5491321428571434
39.5,36.81158000000003
22.61,21.7985
22.02,23.575492514104553
51.55,30.77624000000006
10.23,14.834880000000005
12.53,14.221857142857157
13.85,13.177329999999998
22.65,20.944874044011552
10.2,7.363450000000001
5.23,7.363450000000001
4.94,7.170300000000006
18.96,14.0409
1.35,1.1795483333333332
0.03,7.003668095238101
17.5,14.798303333333338
0.64,0.9865833333333336
14.46,13.650824999999998
50.42,40.015209999999996
21.0,21.980699999999988
18.79,29.467
20.77,20.644411666666656
39.34,38.999199999999945
24.08,28.91492952380954
21.43,22.367257207792203
23.92,25.702499999999986
10.52,10.678050000000002
34.83,34.70097333333335
36.19,36.326363690476185
19.62,26.924499999999963
25.05,20.273200000000017
1.6,4.2241000000000035
17.4,26.426733835809
10.41,19.596132802789754
37.3,34.86250833333333
26.9,24.70039999999999
3.16,3.0505999999999993
49.33,46.64648333333335
18.58,18.214608333333356
7.43,5.813458333333334
14.72,9.367691666666678
18.18,16.90170888888889
13.26,20.850960238095226
14.59,18.197300000000027
4.14,2.9235000000000015
17.75,23.131254999999992
10.7,9.901808333333335
12.14,10.813597142857144
8.43,9.503008333333337
12.64,30.814500000000002
27.5,25.66120000000002
10.94,5.986300000000003
19.76,12.121606666666677
12.58,12.659266666666657
39.51,39.591500000000025
20.8,18.581799999999998
6.67,15.625699999999997
19.13,15.390266666666669
16.1,12.389996666666669
17.19,18.82484166666666
45.69,44.26961666666664
1.77,2.4932333333333343
7.9,7.889350000000004
2.8,2.7820066666666663
18.83,23.197634523809505
27.86,24.132323333333314
17.37,17.66212666666668
15.78,16.782506666666652
14.4,11.873366666666671
5.9,5.223926666666659
17.7,28.316800000000008
6.07,8.47888833333333
1.8,2.5305499999999963
10.46,10.567416666666663
18.4,12.678999999999988
21.6,18.999599999999997
10.1,8.762655119047627
12.37,17.382200000000015
18.29,17.04862360604652
8.36,12.216725000000002
3.91,2.901433333333334
12.37,14.093599999999997
47.64,32.97657428571431
37.0,35.62684999999997
11.1,12.286000000000001
6.43,4.248766666666662
26.2,23.44007333333333
16.03,14.40275
24.61,20.29533071428572
6.41,6.463816666666669
3.4,5.213311904761908
12.22,9.454348333333328
30.36,19.708200000000012
3.71,3.194601666666668
4.82,2.3975200000000005
13.09,13.762658333333345
24.0,25.935150000000025
10.77,24.972339999999996
24.48,21.065311666666663
22.49,24.386723333333357
42.77,27.328933333333353
13.16,15.86303333333334
15.17,12.801413333333324
34.37,32.39675000000001
12.63,13.01549916666666
5.42,7.32200333333333
29.1,28.138199999999983
17.33,19.596132802789754
51.35,46.33940000000001
29.8,21.153226126187196
16.5,25.92806231322626
31.22,23.62084714285714
44.49,43.821333333333286
13.29,12.626864999999999
5.4,4.732391666666666
11.3,9.851919047619052
18.56,17.380000000000003
15.16,13.849973333333331
1.89,3.1940230952380957
16.37,16.980228661061155
15.94,18.092027857142877
4.98,3.0527000000000033
3.15,23.695920952380938
20.39,20.44723333333331
0.97,1.356600000000001
5.0,7.378426666666667
14.38,15.289349999999997
33.64,31.839123333333355
7.89,19.188050000000008
12.78,12.280683333333332
11.36,11.318899999999994
6.1,5.799898333333325
7.64,7.5633333333333335
13.44,20.11244673640085
0.14,0.057046666666666586
3.73,5.225208333333325
24.44,26.411272142857143
26.1,24.766828333333347
12.12,11.99149
18.27,20.290700000000005
16.53,13.44901107142857
8.2,7.068999999999997
31.59,34.42160000000003
9.44,12.865487500000011
18.2,15.72245345238096
22.4,20.567400000000017
3.03,3.142175000000001
14.0,12.594399999999998
5.04,4.109699999999999
14.37,15.021502380952379
10.22,10.14391595238095
15.1,16.40933333333335
10.23,8.975466666666671
16.3,25.270772500000017
23.8,22.549113333333338
25.86,16.205200000000005
45.87,24.553157595065805
11.3,10.80935
2.7,11.985000000000015
23.91,16.14051904761904
0.13,0.05539999999999995
6.4,5.226260000000005
18.7,18.687412571595065
11.42,10.718592380952373
1.27,0.9788295238095235
8.27,9.65629999999999
23.44,21.627625198412687
8.3,10.776016666666662
18.7,20.664428095238105
30.1,28.552719999999994
40.16,37.101499999999966
17.2,21.17289999999998
2.3,2.213849999999999
6.7,4.748799999999996
21.2,21.167199999999976
12.0,9.902276666666662
12.64,12.058887500000004
15.24,11.203344242424228
9.93,9.770224999999995
33.57,30.988533333333354
11.8,22.370358571428582
4.0,5.577553333333335
19.27,16.59639999999999
17.73,41.02949999999998
12.52,12.395533333333328
8.37,6.415353333333336
0.98,7.281499999999994
30.84,23.966487629441076
36.68,33.55640000000001
7.88,5.938386666666668
1.31,1.3534750000000002
11.22,11.858200000000013
3.89,3.732475000000002
11.1,10.04116476190476
19.0,20.088
37.26,39.37799999999994
18.18,18.296080000000025
5.7,6.9688199999999965
33.59,32.6268201190476
5.95,5.357595714285715
8.09,11.380811666666673
24.09,24.645757142857132
18.2,17.40051095238097
7.26,7.5450083333333335
63.24,48.79919999999999
15.72,15.10248412698413
40.22,38.72950000000001
15.65,14.78764333333333
18.18,18.03557988095237
24.24,18.681633333333348
33.83,30.819562499999993
11.82,11.577506666666658
1.95,2.5377133333333344
17.9,8.417958333333337
16.81,13.660899999999991
15.5,15.589854761904768
14.3,14.25759999999999
11.6,10.368516666666666
18.18,16.914376666666648
8.48,8.168006666666665
4.1,3.7016928571428567
47.35,44.653133333333344
8.36,12.466321666666664
23.28,19.67187499999999
5.3,4.839626666666669
8.8,16.20580000000002
26.86,24.609213333333336
13.18,27.813600000000005
19.89,16.397720000000003
9.06,6.396419841269841
25.7,23.308833333333318
6.9,6.610100000000005
5.4,2.759108333333337
50.59,39.43801999999998
7.83,13.387633333333344
8.18,8.083939999999991
10.8,20.077700000000014
30.64,37.01215
11.25,13.004451190476196
5.55,5.378820000000003
34.56,20.73185000000002
29.39,25.280489267026834
22.83,14.397055952380954
7.03,11.697066666666663
12.3,14.240662500000003
45.43,24.553157595065805
31.04,23.210536666666652
0.02,3.4616916666666646
15.29,17.6550411904762
7.6,8.691375000000004
37.17,35.56150000000002
20.76,19.45167500000001
9.9,9.240703809523811
11.6,10.89100666666667
10.6,8.03620000000001
5.0,10.95693333333333
21.6,15.442299999999998
11.55,22.27169999999998
4.54,4.977696666666664
10.97,8.510723333333338
12.5,9.503115476190477
2.1,3.2436904761904763
3.4,3.4883800000000025
13.62,12.203458333333336
37.79,34.05880000000003
2.62,2.065485476190476
13.01,10.087766666666663
4.69,5.5751
10.98,12.634000000000007
8.06,7.866917857142859
10.87,21.795540000000003
3.58,4.898380476190478
46.1,45.376699999999985
19.39,17.29007499999999
19.6,14.242199999999992
18.63,32.156205555555566
37.3,38.38929999999996
5.0,3.501016666666668
14.3,13.50724333333334
8.6,7.641558333333331
22.3,22.63113
69.49,36.933400000000006
19.02,15.729266666666668
9.3,8.188670000000004
19.82,20.387741666666667
2.3,2.070966666666667
1.09,1.023466666666667
6.7,6.924346666666666
24.59,15.855733333333328
22.3,16.702391666666667
2.08,2.138299999999997
46.24,42.51619999999999
18.18,16.216417857142854
16.29,15.436383333333332
39.87,39.28351666666667
5.7,11.033260000000002
14.76,16.104293571428563
4.38,11.351050000000017
15.5,14.251758333333337
23.01,24.19680774108905
20.27,17.020591666666643
18.92,14.543669285714284
20.34,18.872373333333318
4.45,2.391626666666667
22.3,20.640931666666688
0.7,0.7119554761904757
4.3,4.436850000000004
7.18,6.870016666666669
7.0,5.133806666666662
23.7,23.521600000000003
47.01,36.742755833333305
5.18,6.405985476190475
10.8,11.011533333333334
1.7,1.5200333333333316
13.8,10.92060000000001
11.8,10.17110333333334
11.91,9.991299999999994
0.09,0.16238333333333327
7.17,5.351041428571426
18.19,14.968216666666688
18.18,17.59241714285715
24.98,30.37011833333331
7.89,11.01934166666668
10.99,10.875800000000009
18.11,12.808033333333341
9.22,15.275830476190484
2.6,5.012716666666663
20.76,13.906389999999995
39.03,34.449599999999975
37.2,35.544000000000025
4.16,9.342365714285716
15.5,15.245890000000022
12.68,12.85190976190476
4.8,15.455340000000001
0.72,0.36279999999999946
18.19,18.039466666666694
44.2,40.33620000000003
38.6,39.13250523809525
10.95,10.845880238095244
2.8,10.71425166666668
9.61,40.48210000000001
2.11,2.341841666666666
5.1,6.8571
7.1,6.444699999999998
4.4,10.117256948051962
22.3,20.55391666666667
21.0,12.091425000000005
15.38,14.027685714285719
8.62,9.489066666666666
40.8,32.20510000000002
9.1,6.84904571428571
12.9,16.025229999999997
35.58,24.445250000000023
17.3,14.378494999999988
1.41,2.2690041666666643
5.86,5.780591190476192
26.68,21.577952817460314
0.1,12.114591666666668
8.93,18.065196666666647
21.7,13.014599999999996
21.21,32.06002083333329
10.31,11.326216666666658
9.01,4.995123333333334
22.43,22.355700000000002
11.15,12.342200000000007
11.01,18.210586984126977
15.53,15.48121250000002
18.18,18.15081111111113
20.77,20.538904761904742
13.01,9.204019999999991
12.12,12.502889999999995
18.5,32.372839999999975
4.63,11.141200000000008
10.53,10.505136428571435
8.66,10.318071428571441
10.95,10.611484999999998
11.37,15.88757976190475
2.23,2.733809999999998
2.3,2.175633333333332
26.74,37.467700000000015
22.76,21.61464999999997
0.5,0.618150000000001
23.2,23.314389166666665
3.6,2.9593833333333333
15.89,16.34043333333332
11.48,12.421500000000005
40.05,40.23989999999998
13.65,13.421780674603173
10.36,17.568569999999994
30.55,20.92290647838182
3.0,3.8629
19.7,13.313700000000004
3.89,3.8867761904761915
23.4,24.63898333333335
12.05,6.842758333333333
18.2,11.128983333333327
20.34,24.505763333333366
22.41,38.62454999999997
5.91,11.190530000000003
23.93,22.200116666666677
10.58,13.486791517094018
11.0,18.643421666666644
16.75,17.644300000000012
6.44,11.5458
44.53,37.33569999999997
19.85,15.082991666666636
1.82,3.1943982142857137
41.4,42.30839333333331
2.53,2.729317299995758
3.3,4.750731666666673
20.76,10.272738928571432
1.44,1.3244333333333334
17.78,37.02136
7.16,4.187249999999997
3.64,4.718410952380944
14.44,10.942224047619048
3.15,2.3438766666666657
16.1,9.936380833333333
18.33,18.364194047619062
7.84,10.450020238095242
16.44,12.7909
20.4,19.203419999999994
10.63,10.63076666666667
1.2,4.590463809523812
14.2,14.34142000000001
9.6,10.33716095238095
36.85,43.68235000000001
34.68,32.602345000000014
7.04,6.615061904761905
6.5,6.658905357142857
18.9,15.084100000000017
15.91,15.282199999999984
13.39,27.960299999999982
12.37,6.949986666666673
8.0,7.398191904761901
7.3,17.626380000000033
11.1,10.751141666666669
37.4,36.97332666666665
18.81,16.015975000000005
1.62,4.587900000000006
9.7,9.138895714285704
15.65,14.923890000000023
12.66,12.196164999999993
9.6,16.56672119047619
17.43,25.325383658820495
27.3,27.11564999999996
34.39,26.552233333333348
18.6,24.72881163558417
30.2,29.481485000000003
4.1,3.9888999999999952
20.78,23.237428448773443
35.69,26.98447108932461
7.53,6.925665833333338
8.79,16.198300000000007
0.26,0.18364809523809528
12.25,21.747799999999994
19.67,21.47638
0.13,0.08170980158730162
7.33,6.997120000000008
11.73,19.579050000000024
33.28,37.756833333333354
25.9,24.085666666666643
40.0,40.45319999999996
1.17,1.108533333333334
19.2,14.257899999999989
8.59,9.098500833333341
4.59,3.863833333333334
0.56,0.1956000000000001
8.91,7.024492341269843
23.78,22.516750000000002
13.74,14.265980000000008
10.09,10.44869999999999
22.4,14.241433333333328
12.76,17.42428833333335
21.81,17.879744047619027
12.43,12.261948809523812
14.71,15.273916666666675
10.1,10.026418610694863
9.76,8.646574999999995
10.2,9.319470000000003
45.46,41.250469047619
16.46,9.707745000000006
26.5,21.99466666666665
11.87,8.766515000000004
24.84,27.16610000000001
40.75,45.487945476190525
0.51,0.48393166666666687
6.4,9.980699999999995
0.04,0.7720399999999996
12.41,10.468649999999995
22.4,20.954325238095244
8.8,9.774836666666666
12.08,12.962821666666674
0.01,2.5494166666666684
30.3,22.716125000000012
19.0,20.869500000000006
20.23,22.706799999999994
17.14,14.304880952380943
0.8,1.2174904761904772
20.77,20.867133333333353
4.2,4.05589285714286
10.25,10.326873809523812
35.0,31.39454999999999
27.5,23.650599999999994
35.22,35.58484166666667
0.2,0.18679999999999997
19.9,15.508989047619057
22.33,24.365440000000003
33.53,25.318800873015853
48.12,19.922414285714268
7.21,7.273213333333342
13.32,7.447995714285722
15.24,14.475619047619052
2.61,4.057700000000007
30.21,24.785365555555565
7.27,4.3379366666666614
21.0,20.317864761904744
24.29,22.12646666666665
0.02,0.3140149999999998
1.54,0.9537333333333339
29.03,26.31979999999999
0.08,0.08036666666666654
13.4,17.917961666666667
4.97,7.064603809523814
19.3,14.490217103174613
36.76,21.334410000000005
12.65,19.078599999999984
5.6,6.215350000000002
17.94,16.464803333333318
10.0,9.120233333333331
21.76,14.417906666666656
37.32,36.79859999999999
24.6,24.248200000000015
11.5,13.500769166666668
2.34,2.2557733333333347
12.37,7.758833333333331
17.58,15.149120000000012
4.4,4.0083833333333345
9.82,7.567258333333334
42.68,42.12183214285712
0.17,0.1916316666666666
5.5,3.5117416666666714
6.84,8.362749999999998
38.88,38.97227500000004
13.3,9.790546666666668
14.05,13.39950166666666
38.96,34.860126666666645
3.4,3.0905000000000014
3.2,3.663900000000005
0.05,0.019913571428571444
9.99,8.787237817460316
12.54,11.310193333333327
6.39,13.842159523809517
17.8,14.927066666666672
20.76,21.050508333333333
10.99,11.634999999999998
10.27,7.835009047619049
12.11,12.076556666666656
0.46,0.2533000000000004
23.71,22.783375000000028
10.4,12.409584285714296
4.25,0.9742000000000013
10.29,34.32020000000003
2.84,3.8255999999999997
17.26,16.887700000000017
10.06,5.086760238095239
44.5,41.94829999999999
7.34,9.663660000000007
4.4,4.708538333333328
26.56,22.107060000000004
16.37,12.152529999999995
21.8,21.751517261904773
8.13,10.78170333333334
20.76,21.955546666666663
15.53,25.799822222222225
33.15,33.40570000000002
8.21,11.329387777777786
18.66,19.102666666666654
15.21,13.993256666666673
8.76,5.239633333333329
22.52,23.950619999999994
5.62,6.730966666666669
22.3,22.064402380952405
16.37,25.445901468564113
16.1,14.69093333333332
7.1,10.294200000000007
17.49,15.95278833333334
9.79,22.136706666666655
46.81,42.966049999999974
23.99,27.369625
15.49,14.520666666666672
10.1,17.802399999999984
20.65,31.77706000000001
13.64,12.031950000000004
12.21,11.09909880952381
27.19,23.575492514104553
27.82,23.170097108355698
28.59,25.36423333333336
66.22,26.21454404761907
6.25,6.556266666666667
16.28,14.742279999999996
6.2,12.457560000000003
33.41,19.469345413277832
15.62,15.795350000000001
19.54,17.428180000000015
5.1,4.4205276190476255
9.79,9.940083333333321
20.4,18.492044166666673
22.34,21.571046666666685
8.33,14.781999999999993
18.18,18.04484500000002
6.24,14.769691666666672
26.4,22.348645238095255
16.98,37.55627749999994
6.97,6.708616666666667
22.77,24.215949999999992
45.46,37.517399999999995
23.65,23.206399999999995
38.2,37.670300000000026
10.3,9.957605833333334
24.02,43.518899999999974
21.4,24.346366666666682
2.17,2.6608033333333334
17.23,29.821899999999975
13.55,12.426149999999996
0.5,0.30063333333333353
29.94,25.445901468564113
14.07,13.065222857142851
4.43,4.300288571428574
18.2,18.095943809523828
34.7,29.68640000000002
19.92,14.271033333333326
43.85,28.621828571428576
25.97,28.298273174603207
14.66,13.607299999999992
12.26,24.119900000000015
0.6,0.6446666666666665
23.2,21.391582777777764
24.46,20.964915424676384
4.41,4.153500000000001
5.12,8.578716666666665
14.33,12.52026357142858
7.8,13.16185238095238
27.38,27.306699999999964
19.31,12.88376333333333
10.67,10.715113333333347
20.76,20.53487968253967
34.17,35.35250000000003
11.33,23.108474999999984
18.18,17.983933333333354
10.84,11.708100000000016
11.02,33.32523333333333
30.9,1.1099377097902101
6.98,14.29267285714284
12.5,19.76261999999999
6.7,6.783194999999995
9.05,15.907145714285717
25.65,21.33622846320347
5.0,4.707953333333338
15.9,8.831391666666663
6.56,6.430026666666674
46.6,46.87845999999996
11.71,9.63636666666668
24.0,29.312357612110105
20.77,18.755933333333314
12.57,18.003249007936503
7.9,20.11430833333334
23.81,24.72881163558417
10.7,10.744800000000009
14.5,18.525814761904776
7.0,5.496540000000002
15.06,14.831333333333351
15.08,16.741674285714293
7.92,11.511100000000015
18.2,17.83045500000002
10.84,18.93504181818179
15.5,12.08919999999999
51.71,7.1694433333333345
21.1,21.32135666666667
27.07,27.21929722943723
5.69,6.86866214285715
30.4,29.11078000000001
1.99,3.7922466666666645
23.85,28.651099999999982
25.84,22.56306833333334
6.49,5.968041666666662
14.12,17.66632994588745
7.24,18.93175000000001
11.71,11.193900000000017
19.82,27.845100000000006
32.87,29.530604999999987
5.23,3.0379750000000003
21.03,21.30815380952382
17.37,12.617433333333322
21.6,11.604300000000006
48.74,36.29959999999997
0.01,0.07072714285714281
41.71,40.68059999999999
10.97,10.330421904761911
9.45,16.748940000000008
39.64,39.69800000000002
5.6,5.2754933333333325
23.2,21.553500000000028
0.02,2.874103333333334
10.07,11.57061166666665
5.3,5.697883333333324
5.3,5.273099999999991
11.05,10.201449999999996
23.7,22.64768333333333
2.06,1.4955800000000008
40.67,38.3459
18.2,16.666634166666668
0.04,0.10757944444444441
2.53,3.7643999999999993
25.18,25.024300000000025
17.33,17.294650714285723
2.8,2.371649999999998
18.78,19.97192333679756
11.16,12.683526666666648
14.2,8.808520000000003
13.7,23.0700119047619
14.0,12.881850000000012
11.5,10.655450000000013
2.66,2.2973000000000026
4.89,9.342701904761908
8.86,9.210949999999993
20.82,19.99876595238093
38.14,36.80121666666669
10.3,9.916486190476204
12.41,14.655493333333347
5.9,6.1381383333333375
13.8,10.428216666666668
30.72,25.924600000000005
18.74,17.62775333333334
21.2,21.364076666666648
15.09,29.637800000000034
12.3,12.19339166666667
10.49,18.00817
7.06,5.871421666666668
1.76,3.549533333333336
4.6,5.824300000000003
5.85,5.81635
14.9,13.836699999999997
11.18,11.704443333333332
28.01,30.618408333333374
7.1,6.664950000000004
18.88,20.93995833333333
20.2,18.330949999999994
22.0,20.101600000000012
13.82,19.635604780974344
0.03,0.22333095238095235
18.18,13.202388333333351
14.03,33.660565833333315
16.54,17.846859761904785
23.24,21.355949999999986
5.2,5.209024999999994
15.81,14.920803809523818
11.3,10.249478571428565
9.1,9.110300000000004
20.76,19.72759999999998
13.95,12.946266666666663
3.29,1.4122999999999988
15.28,29.314400000000013
4.4,4.846800000000005
25.26,21.6695
22.16,19.418850000000027
12.12,14.021233333333326
10.4,9.712200000000008
46.31,45.20260666666667
0.89,0.7391933333333338
33.29,26.493723809523807
13.53,11.698602380952387
9.04,5.578150000000007
16.31,13.169972738095236
0.97,0.9521000000000001
8.6,18.163350000000023
7.04,15.288586666666648
7.2,6.639280000000006
16.84,17.460505000000015
10.3,9.2321611111111
8.13,7.795697222222231
2.56,2.9918499999999995
15.1,28.057300000000026
2.84,2.669383333333334
22.89,20.076598524531022
21.83,22.23433071428571
1.86,5.358999999999996
17.58,16.467228333333335
7.1,6.900860000000005
18.6,13.344918333333332
9.03,7.774529999999993
18.8,19.923000000000005
17.04,11.188265476190479
7.44,5.993866666666669
26.67,18.752341666666652
9.1,5.665685555555554
17.64,24.75250100802792
12.77,19.145863333333327
9.27,10.141933333333334
13.05,11.834000000000014
9.47,9.240225000000015
16.6,22.963604252711885
17.74,24.72881163558417
15.34,16.62180000000001
9.8,7.518649999999996
6.38,10.865800000000004
0.09,0.07155166666666662
2.21,2.173849999999999
4.28,7.359808333333328
20.48,19.062468551001874
29.38,30.31211428571427
9.7,18.343499999999977
34.83,30.82040000000002
0.37,0.11994488095238093
15.79,14.469988333333328
52.07,40.86733333333336
29.34,27.05191865800865
9.7,12.662908333333327
22.6,22.784311666666657
15.63,28.146899166666685
0.66,28.358200000000007
18.7,14.447226666666673
24.6,19.397800000000007
31.74,24.553157595065805
24.24,25.39723333333333
20.91,24.170099999999998
11.53,15.605299999999986
4.7,4.682599999999996
25.94,21.718716666666666
5.54,10.049213333333334
23.9,19.80142503968253
18.99,17.692311904761908
10.6,25.59985
14.65,15.297533333333318
16.28,16.220266666666667
9.92,25.83349999999999
6.0,13.142145238095242
13.01,12.327693333333329
4.53,6.350460000000002
23.4,20.88679999999999
3.69,3.313028333333334
5.1,4.799011428571426
33.6,30.31820000000003
24.9,16.67813666666666
22.2,23.49225499999999
22.3,21.98365333333332
23.4,16.348924285714293
9.1,11.065919999999997
12.2,10.88610000000001
30.06,30.481800000000018
16.25,25.230867865698606
16.43,17.067936666666675
27.8,23.62084714285714
17.27,16.750416666666684
44.3,25.331400000000002
8.06,11.595099999999988
0.94,0.9553133333333338
36.02,30.475555000000007
7.7,6.126243333333345
9.86,10.884458333333333
11.09,10.37005261904761
6.2,5.954324285714289
0.2,0.17330666666666678
11.17,10.462364642857139
38.52,28.701165
4.02,4.82
15.38,14.120996666666663
9.74,8.36325142857143
8.53,9.646699999999989
10.2,10.10229349206349
18.2,14.58098333333333
0.21,2.593785292207792
19.11,14.785186507936505
22.19,16.739681666666694
43.42,35.353760476190466
12.7,10.379858333333335
30.16,32.009366666666665
11.87,9.732133333333332
10.0,10.344516666666658
0.6,0.5865100000000002
25.7,36.44871666666668
11.01,14.381236298701294
9.56,9.182940000000006
7.38,7.773600000000004
19.8,17.956283333333335
9.89,9.273799999999996
18.18,17.865600000000022
27.0,24.920826666666667
17.06,13.46855
39.4,23.20460000000001
9.47,19.693599999999993
10.6,7.632688333333333
18.02,17.923611904761923
18.18,17.390417857142854
0.03,13.193554194139194
15.42,12.48709166666667
3.6,6.167640000000002
9.42,7.969083333333339
18.2,16.258150000000015
5.99,10.353827380952369
18.2,17.139488095238097
10.48,8.496838095238095
8.7,16.64302833333333
10.66,20.443904523809536
9.22,8.662437142857144
46.82,38.72473333333332
18.52,17.66632994588745
6.45,36.2512
1.71,1.7883000000000013
1.68,3.4669466666666646
13.74,13.976700000000012
2.07,1.9030000000000005
9.1,7.938733333333338
0.1,0.19040000000000024
17.99,17.085700000000017
20.23,20.048057222222216
2.36,4.86565666666667
22.69,20.341013904761915
17.84,18.525814761904776
22.3,19.304633333333346
18.18,16.65616000000001
13.76,14.552353333333341
25.16,21.98153903917978
1.3,1.2740000000000007
3.1,7.56474076298701
9.65,10.130925555555557
18.2,16.408427261904784
18.18,15.732849999999994
8.62,6.9994647619047585
4.16,6.244733968253971
14.32,21.031873077403475
17.09,18.135250000000017
18.76,16.306616666666685
3.56,6.376824999999997
1.78,1.6368333333333316
4.2,3.960433333333331
11.67,13.756062500000008
15.03,16.039644999999993
19.15,19.53369769230771
28.52,25.445901468564113
4.46,10.38963333333333
10.2,9.301500000000003
7.82,7.160763333333328
11.84,10.411824999999995
2.6,1.8008499999999976
16.03,24.189066666666676
19.9,9.38533523809523
40.9,40.48180166666666
9.43,4.77678333333333
2.2,3.2589166666666656
12.32,12.891703809523808
13.95,14.061080000000015
7.86,6.588316666666666
1.8,2.762528571428575
8.1,21.730476666666668
3.48,5.9940730952381
18.54,18.169533333333344
9.23,9.298783333333333
22.3,24.20066249999999
15.04,12.479150000000002
21.1,20.621066666666646
21.18,18.228556666666687
3.74,3.3340366666666648
5.28,15.150911666666673
27.12,24.615025
2.36,2.2905333333333355
31.59,26.94437302095413
0.68,0.6467100000000009
3.4,5.269903333333329
11.01,9.796873333333343
7.5,5.8132
18.6,17.96488000000001
19.95,17.012399999999985
4.09,3.587521666666668
2.7,2.4575000000000022
10.82,10.650973809523794
15.44,11.481929999999995
33.36,30.178420716440428
4.38,4.27199
22.3,22.38647555555553
24.75,25.473295000000007
9.49,21.877600000000008
19.67,17.348700000000004
21.4,21.86875341269841
9.1,8.15786285714286
1.66,2.185495000000001
19.61,20.41084999999999
4.0,8.964901428571432
9.15,8.9215
24.1,21.626699999999982
17.37,14.904250000000006
19.4,18.965318333333343
49.9,50.29466666666665
22.3,22.296123333333345
15.72,17.788654047619058
15.62,15.944403333333334
3.62,3.2799933333333335
28.62,24.820715234454823
13.01,18.25153333333332
32.91,43.612199999999966
6.2,11.272781428571431
25.88,28.181947543290054
0.05,0.08846670995670994
0.7,1.0581000000000005
12.05,19.012101666666663
10.5,9.182940000000006
2.63,3.0174523809523817
9.19,7.957776666666664
11.21,20.60881000000001
16.02,16.420002380952383
26.63,22.55872000000001
2.76,4.944891666666669
1.77,1.707999999999999
10.9,11.467851666666666
5.9,11.583840000000007
18.96,18.21355146464646
13.7,36.69374999999998
35.79,21.25500000000001
6.1,5.004300000000008
22.3,18.96831666666669
18.54,18.070415007815107
13.4,7.913683333333329
9.4,8.850363373015869
11.03,10.484416666666668
8.0,8.018124999999994
38.38,32.04378333333332
3.67,11.042983333333325
6.24,9.859160000000003
11.2,12.66246666666665
37.1,37.146199999999965
6.53,18.03959999999999
17.58,19.35695928571429
1.1,1.10875
7.5,9.31129
5.8,5.320045238095244
16.41,12.726494880952375
2.58,2.763306666666669
43.7,43.33169999999996
6.0,8.196500000000007
37.4,35.917035000000034
5.51,4.47914
8.66,7.785466666666668
6.34,5.388630000000002
22.3,21.307649999999995
7.69,6.3937149999999985
4.59,5.971849999999997
15.96,12.6597
7.6,6.602418333333335
3.6,3.4433000000000042
13.96,20.616180687658108
0.07,0.0820637953712954
3.7,3.792782857142859
40.06,40.45319999999996
11.87,21.229249999999997
18.18,18.322608333333335
6.1,3.878266666666667
18.18,18.15997309523811
20.76,21.408316666666693
10.4,10.194849999999992
11.5,7.309624999999993
49.1,46.781000000000006
5.31,8.083508333333334
12.45,19.475100000000015
20.76,20.63113119047619
6.09,33.491524999999996
35.4,33.291079999999994
4.73,20.83054999999998
4.6,4.662016666666674
7.69,6.916214080086583
10.85,9.832313571428568
11.18,19.410240476190467
20.93,25.64659999999999
6.65,8.547379999999995
13.97,11.887341666666673
11.05,20.56773999999998
6.6,10.976900000000006
8.0,8.709800000000008
18.4,15.89316666666668
1.6,1.3331
20.3,15.8973
30.4,27.184200000000004
23.09,22.30996333333335
30.3,27.120500000000003
21.21,19.23231333333333
6.29,5.799898333333325
8.4,11.004116666666667
17.08,19.54585833333332
18.18,17.525708333333352
49.4,44.53551666666668
5.4,4.85694
22.75,20.467899999999982
21.11,19.14051833333334
13.49,11.778796666666672
16.33,20.39444166666666
9.66,8.15216833333334
12.44,22.34270555555556
10.09,11.249346666666668
8.85,13.99163333333333
43.58,24.31503166666667
29.61,28.290138333333317
3.61,3.6861576190476177
14.58,13.372357142857147
10.49,11.11823999999999
12.85,10.277194999999997
0.68,0.5154000000000003
15.76,15.413583333333335
15.51,8.871116666666676
14.85,15.977223333333344
8.74,11.911830000000007
14.32,12.395451666666666
2.8,3.640250000000005
4.5,4.989159090909087
18.2,14.384116666666662
24.62,21.747275
4.48,4.609281825396826
2.5,4.904756666666661
18.85,15.039424444444442
7.42,10.782200000000005
0.2,0.3197333333333336
16.06,15.18500238095238
1.0,1.0122333333333347
1.55,1.9998999999999976
8.49,7.49695833333333
22.49,15.367233333333324
0.58,0.5713833333333339
29.69,31.408266666666687
8.63,14.922566666666667
10.6,6.925100000000004
34.99,26.43460000000001
6.4,7.991916666666666
9.36,9.011974999999985
15.2,14.987658333333336
15.47,25.213060510323004
5.98,6.299396666666664
35.15,15.033838333333321
4.81,7.356499999999995
27.1,10.747569166666674
18.2,17.231446666666667
0.1,0.09772333333333322
16.71,14.98582500000002
16.56,15.024548333333332
12.2,21.987399999999983
4.36,4.050878333333329
21.86,19.74442307600186
18.2,17.31258908730159
20.94,26.304866666666655
18.18,17.307316666666676
4.6,4.613381666666669
9.08,13.906389999999995
33.2,24.015400000000017
9.36,9.66644666666666
14.1,10.479261666666673
0.8,1.3504000000000003
7.3,7.739148809523803
5.69,5.3211
18.18,17.597063809523824
38.99,38.23887500000003
20.89,16.340685714285716
38.19,35.33224
30.92,26.650644999999987
8.65,8.333733333333337
7.43,6.7847750000000016
14.25,17.801841666666668
19.56,27.24722964912281
14.47,27.01597523809523
48.76,31.737716666666675
18.98,20.348900000000018
5.43,6.784580952380955
0.93,0.14399999999999985
0.61,0.3951666666666666
8.65,6.137028178210678
16.2,16.253766666666667
37.1,29.035466666666657
8.88,8.945662500000003
1.0,1.0378500000000006
23.34,30.67974583333336
1.6,7.582078333333323
7.0,9.034139999999997
4.6,7.131483333333331
38.54,38.10431666666669
5.3,4.318341666666669
18.2,17.58916785714286
17.7,18.510033333333354
5.65,12.76189047619048
13.14,13.94943436507937
2.51,2.0138066666666687
13.86,14.455151428571442
9.49,8.5898988888889
22.77,18.606053214285716
6.2,10.234400000000003
13.23,13.20986499999999
10.3,10.705100000000005
28.43,22.843393333333328
37.17,35.2373466666667
4.6,4.27182166666666
6.47,7.616821666666665
13.13,10.847679999999999
8.2,12.302500000000004
9.6,8.000399999999999
11.02,13.538499999999997
13.43,24.75250100802792
18.18,17.886270833333327
0.31,0.31222666666666704
7.81,13.604891547619049
31.29,24.930116666666677
17.92,17.74553333333333
5.38,9.745650000000001
27.84,27.345285451371165
1.26,1.3306833333333337
34.57,33.269566666666634
16.5,11.946400000000004
8.65,8.590686666666668
13.2,12.612527619047617
20.76,17.394556666666677
9.01,8.785015000000005
3.58,2.988679761904759
18.2,17.747725
15.85,14.980843333333357
9.77,8.72026666666666
7.4,8.371100000000007
30.2,28.260699999999982
8.4,7.675425000000007
9.51,10.16014666666667
15.31,14.696042063492056
0.1,0.17156952380952373
7.88,13.745378333333335
21.76,23.208290119047618
22.48,20.05162588970163
28.36,18.10223333333336
3.75,3.5110238095238078
27.68,13.119899999999989
15.16,14.376316666666657
12.79,11.748156111111111
18.7,15.290333333333324
1.5,1.4101750000000002
19.58,20.11180343676649
9.26,13.303807142857158
3.66,3.1885066666666653
12.28,13.428266666666666
8.1,7.281704999999993
15.82,11.634998333333328
11.11,16.664058333333347
10.72,11.262776666666664
25.43,23.570966666666667
1.47,1.4514333333333338
25.7,24.45854999999998
20.63,20.806589325396825
30.4,29.829074999999968
3.96,3.5675166666666707
0.14,0.12588309523809524
18.18,17.729184761904776
13.02,12.696233333333344
3.3,3.065696666666666
1.3,1.3759449999999998
10.0,8.987933333333348
5.65,5.5090628571428555
35.07,16.435714332611834
24.09,24.42928333333331
28.6,26.118608333333327
5.1,4.822340000000004
1.16,10.017981839826845
51.77,31.685200000000023
1.6,1.7930333333333355
12.7,12.29822857142857
10.85,10.593360000000004
1.98,11.255849999999992
3.8,6.816624999999995
4.0,15.331833333333345
5.71,6.724799999999993
35.96,33.26600000000001
22.4,16.562069999999995
12.82,13.363334285714288
20.9,18.499187301587323
0.1,2.593785292207792
23.88,26.27956999999999
6.78,11.18300666666666
13.81,13.326761666666666
4.57,4.609281825396826
18.18,17.871425000000027
5.4,4.4993333333333325
24.35,32.7297666666667
8.87,28.990883690476206
20.77,18.936670476190464
5.45,7.756124999999986
12.06,11.662366666666651
6.07,10.115125000000004
12.6,12.349911904761905
13.73,14.851470476190482
15.96,17.99863666666668
7.84,10.40916690476191
7.54,14.031183333333356
0.01,0.2604505194805192
8.86,8.353055476190482
6.8,6.790008333333338
7.57,10.538933333333329
10.89,11.251199992784988
21.15,20.339560271395257
33.06,33.99360000000001
10.9,9.98043166666668
38.89,36.61199999999998
2.42,2.3081499999999995
35.73,33.56421000000001
18.59,16.143711742424244
16.42,14.636845000000001
6.7,6.713439999999994
36.77,37.264699999999976
8.72,12.889699999999996
9.2,21.83770166666665
17.2,28.207720000000005
2.18,2.045049999999999
0.41,0.5485742857142852
23.38,21.128933571428565
36.37,30.88091666666667
22.6,22.08557888888886
20.7,19.350055555555574
6.52,4.752906111111111
7.74,7.321040555555548
23.2,14.949666666666667
20.7,16.916155714285704
32.0,32.87410500000001
0.39,0.3663249999999996
36.16,35.39338499999999
1.29,1.9283450000000002
27.9,21.856150000000007
3.49,2.991876666666667
22.1,21.05826966875051
31.01,25.213060510323004
6.9,6.467583571428573
11.6,10.803041666666664
8.5,4.583000000000004
36.0,38.675455
43.61,45.65910000000001
7.62,14.173773333333349
0.01,0.6981195238095242
4.0,2.969133333333333
19.75,15.9819994047619
18.18,18.35159999999997
25.4,27.233058333333325
7.7,6.565846666666663
8.36,12.025330000000002
6.1,3.8807880952380946
11.27,11.292024999999992
14.0,13.248308333333325
17.49,15.746859047619052
3.54,3.5262499999999966
3.12,2.565950000000001
2.55,2.539889999999997
8.68,5.41929333333333
20.54,13.808066666666667
12.84,21.204599999999985
10.95,7.535950000000013
5.77,6.588567857142855
26.87,29.37260000000003
6.2,11.569398333333343
12.51,11.638883333333336
0.1,0.07103261904761904
26.32,26.745743333333344
23.2,20.886466666666657
13.74,10.715113333333347
16.79,27.160673690476177
8.0,7.77163333333333
10.78,18.404121428571443
4.4,12.338199999999997
7.51,9.337283333333332
9.09,9.227110000000003
1.12,1.9694833333333315
16.61,14.03432380952382
17.4,11.78456666666668
9.43,6.6103473015873
18.69,19.97192333679756
12.4,12.591867857142857
7.9,11.14921761904762
17.48,28.763511785714257
17.1,15.49570000000002
2.4,1.795074999999997
10.07,10.593122005771999
14.9,18.549908333333338
22.36,19.997517857142864
39.8,37.69589999999996
18.2,17.246863333333344
2.44,4.410300000000006
21.2,17.553451666666675
18.0,16.306616666666685
10.54,14.44371666666667
20.76,56.49639999999994
3.42,9.385987619047624
4.64,6.726673333333334
8.79,8.495813571428567
24.91,14.724192807017543
29.78,29.49933666666665
15.17,12.22605
9.42,8.850363373015869
23.3,16.847003257853256
21.07,19.80247333333335
3.45,6.243281428571435
12.12,7.385508333333336
10.0,9.709020238095242
3.3,4.0242333333333375
20.77,20.382109523809525
13.9,16.222426666666692
13.63,14.740299999999992
12.58,26.94437302095413
25.7,16.465499999999977
15.5,13.286600000000005
18.19,14.680575000000003
8.85,7.195189285714285
9.45,8.775666666666668
9.62,21.619573461301776
29.8,26.35534999999999
12.92,15.776958333333312
26.18,22.838188064435563
9.5,8.827953333333335
20.77,22.47839551587301
10.92,9.315233333333328
0.01,0.1667133333333334
8.24,18.153980000000004
3.58,5.900414999999997
27.83,27.9672
22.73,22.030337619047643
13.61,12.791784999999987
26.28,25.09519999999999
12.05,7.929566666666677
11.29,13.44586071428572
23.02,26.292349746357058
16.53,27.12729559228954
4.1,8.129333333333342
11.3,11.481224285714283
22.5,16.85779999999999
3.4,3.2769459523809505
17.04,16.07465666666667
9.1,9.695513333333336
11.2,12.075756666666663
10.21,27.345285451371165
10.44,8.937858333333331
24.6,32.538231616161646
2.42,2.6842433333333364
8.3,9.223600000000003
16.6,12.554933333333336
3.26,2.6365938888888882
31.2,29.61038
7.31,11.397150000000009
11.55,25.86898333333332
13.8,14.215010000000005
9.93,7.675454761904765
18.2,14.966650000000005
15.23,16.05620500000001
18.9,18.90960500000001
37.6,37.74273333333332
30.31,29.668166666666647
43.4,39.30749999999999
3.85,4.061500000000005
6.19,11.165158888888891
2.9,5.044780000000002
24.18,22.001366666666637
13.77,11.949623809523796
28.72,26.666675000000023
22.7,18.372269999999986
10.5,15.7332
23.61,26.174386666666695
15.74,15.765006666666684
10.71,11.550305952380954
10.05,10.874450000000015
15.42,16.025993333333325
3.91,4.397337380952383
10.98,25.86456828643579
11.51,20.265862857142846
4.37,2.9830999999999994
15.79,16.063899999999983
11.17,20.7077
0.21,0.19213333333333324
11.22,13.603035952380962
9.27,11.549366666666678
12.62,11.860607857142854
12.7,14.959299999999995
13.23,25.868399999999987
7.0,8.310579999999993
9.5,9.897841666666675
38.59,39.57909999999996
17.36,12.561589999999994
7.0,6.268309999999997
1.99,1.6183999999999998
10.53,10.60040166666666
19.09,18.303136666666664
24.27,23.688633333333318
18.2,18.20000000000003
21.53,21.98365333333332
12.35,13.509882380952384
9.77,14.244799999999984
3.18,5.5805
3.0,5.857666666666667
2.95,4.2234259523809525
3.43,3.540360000000001
31.79,25.213060510323004
39.5,36.67489999999998
2.44,3.44094
6.55,6.413079285714287
10.03,10.063292500000003
22.7,22.08557888888886
13.62,14.854933333333356
29.88,26.356007383449878
26.43,24.066466666666667
14.09,14.310684999999987
4.79,5.13823214285714
3.43,3.221257619047624
3.17,3.997805
23.1,24.3508
12.34,18.145099999999985
10.06,10.01589999999999
44.99,45.57329999999999
34.6,34.69209999999998
6.91,6.853610000000001
25.0,28.010373424908416
30.23,28.972918333333315
33.45,31.13939999999999
8.2,19.707196666666665
31.89,34.36819999999996
5.7,13.22700000000001
3.1,2.8674266666666632
19.78,15.589599999999988
2.8,4.854937499999997
18.8,16.717450000000014
7.1,4.191975000000004
6.2,6.106416666666666
37.2,37.25657500000004
40.24,36.93659166666668
20.5,21.303277500000007
4.42,4.222000000000001
24.28,19.072900000000004
23.7,16.034028481240977
8.6,15.438046031746044
30.3,28.666116666666685
21.44,21.200940000000028
22.9,22.45873
8.94,6.390983571428575
11.26,12.561725000000008
11.53,10.544174999999997
4.03,4.448480000000003
12.0,28.91880000000001
22.0,23.29342
11.9,9.767510476190473
2.1,7.974526666666665
37.1,34.94318666666666
25.69,23.779424999999993
13.48,9.9387
18.2,18.20000000000003
6.7,4.497323333333332
2.68,4.49078333333334
18.92,9.391633333333344
5.84,6.471441666666667
10.1,9.709020238095242
16.43,16.558339642857135
14.35,14.203891666666685
38.42,35.7098
7.1,6.784369682539687
40.56,26.633630000000007
6.59,10.311513333333323
9.38,13.272466666666675
18.2,10.126800000000014
7.43,7.414049999999999
11.03,11.12892333333334
8.2,10.684800000000001
6.88,11.76174
43.93,32.66219999999999
4.5,6.546099999999996
25.33,28.093440714285713
21.77,20.875983333333355
1.55,2.0797999999999983
26.3,33.97168749999996
41.24,43.7108
5.64,5.6921
6.72,6.856059999999996
22.3,21.163943333333314
23.09,23.318499999999982
13.67,13.404445952380954
39.51,38.238957142857146
11.39,4.231501349206351
27.06,24.569699999999997
12.3,14.637633333333335
6.0,8.063298333333334
9.88,24.544398835347696
13.83,13.46693130952382
11.5,10.38954
3.91,4.448236666666663
24.5,22.810249999999996
30.3,22.916200000000014
31.72,21.360037258868584
9.6,18.227746666666697
4.61,3.9722100000000014
28.63,8.993753333333336
5.7,3.4542900000000007
13.51,20.238834999999984
7.32,12.732776666666656
9.9,10.068074999999995
3.25,4.943563333333339
16.1,36.62529666666666
10.86,16.15895380952381
7.5,7.909328571428586
13.93,16.156230000000008
13.29,9.73633333333334
12.0,14.0858
25.5,24.2769
6.24,5.309850000000001
24.24,22.799966666666652
11.5,15.810816666666648
14.1,14.850799999999994
23.85,14.002035000000019
18.97,44.98708152958156
22.67,20.142550000000007
1.65,1.5017999999999998
8.49,18.916309801262493
7.64,6.961650000000004
38.5,33.73749999999996
16.23,17.113306190476177
14.8,15.398540476190483
23.04,20.886466666666657
5.9,11.409195952380953
12.68,28.47600000000001
3.25,5.3629000000000016
41.19,19.47588404761905
3.45,3.3816000000000015
0.1,0.18364809523809528
33.39,31.51010000000002
15.47,8.739042857142861
10.04,19.062468551001874
5.0,8.46108479076479
4.52,6.500278333333334
4.66,1.8931376190476188
2.42,9.604133333333328
5.23,4.032991666666665
14.6,10.134542777777778
13.55,12.482900000000003
15.74,14.125889999999984
28.56,23.237428448773443
1.5,1.2742000000000013
11.41,12.631862976190472
3.15,4.641199999999999
20.12,22.113053627989594
41.92,37.62245
5.9,3.9439500000000005
3.95,3.233940000000002
0.83,3.1911833333333335
10.88,10.002850000000008
15.53,12.841666666666665
4.0,3.745486666666665
38.0,40.11386583333339
47.31,46.024899999999946
10.92,10.960698333333335
23.04,18.057613333333332
12.09,22.120900000000002
4.6,4.151200000000001
4.71,6.769314999999997
9.6,11.007651666666673
46.17,28.621828571428576
13.7,12.29138333333334
24.45,24.446836309523814
10.45,13.400725
22.17,18.74445333333334
23.2,16.205999999999996
0.02,6.624251785714286
13.07,18.48309928571429
15.73,17.013564285714292
4.0,3.99014833333333
3.68,3.5262499999999966
19.5,20.476349999999975
9.8,10.589375000000004
3.03,4.6128450000000045
6.16,17.47222499999997
10.9,11.614339999999995
34.41,32.72763833333336
97.0,36.979366666666664
14.75,12.204813333333332
39.71,31.256833333333365
14.0,12.834023333333327
13.03,9.02394166666667
16.95,17.74955000000003
41.0,35.33765833333331
41.28,42.075500000000005
21.2,19.973051666666652
19.72,17.099831666666667
23.5,14.625100000000016
17.91,17.22913347041847
21.11,18.153980000000004
24.09,22.331786839826833
0.03,22.629308452380954
36.74,34.22715000000004
0.44,0.7663633333333328
26.57,26.914655000000025
11.99,14.72888000000001
12.06,11.905981666666667
14.65,17.040423333333337
12.3,11.822154999999993
1.33,6.844245
6.47,24.940333333333324
4.66,2.1707299999999994
2.77,2.128199999999998
5.0,4.5242999999999975
3.59,4.012161538461537
25.0,21.612709999999996
18.2,18.215775000000004
3.63,4.530800000000002
12.32,12.555599999999995
7.43,6.261225000000007
21.3,20.59203679767385
14.34,12.318148333333324
0.4,0.5501316666666672
0.1,0.0710416666666666
13.63,13.417509047619046
10.4,8.740751666666663
6.8,5.621033333333333
7.5,8.71079333333333
7.5,4.369070000000003
41.1,31.380899999999986
14.44,17.329319999999985
8.3,17.082013333333325
23.99,24.617616666666652
11.8,14.524453333333316
24.3,22.12646666666665
4.14,3.961466666666667
9.9,10.373538333333334
0.8,0.8663999999999997
18.18,18.175927142857134
17.9,42.33756666666666
7.7,8.174541666666663
10.1,10.210044047619052
10.91,14.305982738095238
16.87,17.985408333333336
16.21,29.809400962732926
25.87,14.700278001442996
11.03,7.298940952380958
0.37,0.33492095238095215
26.06,27.685877380952384
14.8,25.156974999999992
7.3,7.343053333333333
2.12,3.5646333333333375
20.35,16.615292499999995
0.7,1.0127500000000005
17.77,10.414433333333342
7.08,10.144411666666674
0.05,0.38818023809523794
18.2,18.683250000000022
12.28,11.815105952380952
50.0,48.03020396825399
35.69,35.02935424603175
6.98,6.545948095238094
47.62,47.51110000000005
23.2,17.613200000000003
16.74,24.761916263888047
27.1,26.17433333333335
18.19,16.640933333333315
22.44,18.98282666666666
19.68,23.250700000000005
2.4,4.708538333333328
26.64,21.195300000000017
2.9,2.9152999999999984
9.54,12.992972857142863
11.76,17.02583333333334
2.43,5.264100000000006
13.98,17.04862360604652
39.02,38.936849999999986
22.2,18.845600000000015
35.8,19.688200000000013
9.49,9.33916666666666
12.22,10.961909880952383
11.81,22.88644999999999
34.0,32.057199999999995
18.2,16.49217666666669
16.4,15.048414761904754
12.2,11.33096666666668
18.48,16.448499999999992
21.22,22.961554999999993
8.1,15.545770952380952
0.46,0.8675499999999998
12.5,12.106399999999987
22.54,21.0328
4.79,4.2368442857142865
22.3,20.77516666666665
0.12,0.0990622682872683
31.04,42.21145619047618
18.18,16.804140000000007
16.64,29.113538015873022
10.15,11.503799999999995
5.4,5.240558333333333
9.8,14.138203333333342
28.77,23.942300000000003
10.9,9.546399999999993
24.64,16.083322499999994
37.3,35.926500000000054
9.08,6.5688599999999955
8.0,17.219126666666682
2.3,4.16410166666667
10.22,10.224052857142862
18.2,16.60290000000002
4.12,11.937240714285714
8.4,8.378881666666674
10.0,11.733699999999994
27.84,19.81622307692307
15.39,10.695153333333339
51.39,26.98084666666667
7.4,9.616375
7.13,8.114466666666674
9.09,9.48204587301587
23.08,23.12569999999998
16.53,23.63445425022245
42.89,44.72586666666662
4.77,7.40694
12.73,15.62588499999999
47.04,34.663337777777805
6.57,14.49730000000001
23.2,13.504173809523795
4.36,7.646100000000006
5.59,5.7382333333333255
4.54,3.067439567099568
11.82,16.40051000000002
21.16,22.691737790496433
14.48,15.991440000000003
14.6,10.31865357142857
18.2,17.004011666666685
25.68,25.584500000000016
7.15,7.552253333333328
24.8,22.93513055555557
29.9,23.551150000000018
12.83,10.31423333333334
9.1,8.718715000000007
2.04,3.9278055555555498
20.84,20.1904732983683
47.93,31.807666666666695
2.2,1.5178699999999994
4.0,3.876890476190476
11.56,13.652321666666667
28.8,23.985848333333344
16.81,17.997909999999987
6.91,6.738629999999995
7.4,7.863474999999994
11.99,11.426156666666666
11.48,10.301119047619057
7.4,5.934700000000008
4.0,3.593724999999998
28.19,24.06618666666667
45.45,43.95036666666666
19.3,14.925799999999997
1.06,1.5174933333333342
18.2,16.141348492063493
6.94,12.1872
1.56,1.2442023809523806
4.15,25.253966666666667
45.39,46.26940000000003
26.0,22.36350000000001
7.41,13.656966666666671
10.88,15.297899999999988
16.27,17.626380000000033
18.2,17.485685000000025
0.08,0.05396583333333331
15.34,42.47047333333333
18.85,17.022632619047627
30.36,23.575492514104553
1.8,1.904836666666669
22.39,20.029159999999994
23.2,22.358120000000007
2.3,2.026291666666669
24.0,22.567089999999997
8.42,6.913233333333343
26.33,19.243087619047614
0.9,0.8762000000000012
8.9,7.496999999999996
3.42,2.1687633333333305
0.74,0.7194000000000007
7.7,8.802189999999994
22.3,22.343658333333337
11.2,9.193887619047626
2.69,2.3823499999999997
25.78,33.51846666666665
28.51,23.575492514104553
7.35,7.070266666666668
46.92,45.868099999999984
7.69,10.460785000000003
16.59,16.520575000000004
35.51,31.386933333333374
12.6,14.350249999999987
1.52,3.1976666666666658
18.2,17.96027952380952
18.2,15.69824166666665
6.85,6.66346666666667
22.36,19.469345413277832
12.1,12.007056666666665
44.2,46.91301666666669
9.7,8.565905000000003
22.3,20.726999999999972
24.32,23.397070000000006
9.32,8.361325
17.76,23.727399999999992
1.71,2.436229999999999
14.97,12.287080000000005
7.6,13.83299166666665
3.4,2.924874285714285
10.8,6.666599999999993
6.08,5.781703333333334
2.27,1.6969999999999996
23.01,25.03189999999998
52.9,29.194446666666664
3.24,3.7156760714285726
41.59,13.301095
9.51,21.031873077403475
40.58,43.07379999999996
24.1,23.264799999999983
13.68,11.149299999999998
18.44,15.541886666666674
22.5,23.395206666666667
11.0,11.601709999999994
20.9,11.053025000000002
9.9,15.684051428571433
7.4,6.293924999999997
24.62,25.881150000000016
18.9,18.73008833333332
7.77,10.5125
18.2,15.001089047619045
11.85,16.485525952380957
8.6,8.892775000000007
38.72,35.441050000000004
22.3,12.655965714285726
13.48,17.83789999999999
22.3,24.02190833333334
23.9,24.064826666666658
1.37,0.8356000000000005
22.67,22.64620000000001
0.11,0.09436890359640362
31.31,22.787749408189843
23.2,21.539661666666653
33.33,31.426299999999998
25.75,20.715100714285718
18.78,17.72403333333335
22.3,20.628414999999997
51.76,30.222494047619048
3.87,10.415015000000007
13.65,14.154868333333319
7.86,7.07983333333333
18.82,17.320466666666682
16.1,27.90839999999998
18.18,18.210349999999984
4.94,6.174905
22.3,20.71472904761905
3.37,4.485350000000004
33.34,26.360733333333343
0.13,0.1388809523809523
38.74,39.61363888888891
11.88,18.19220000000001
4.11,10.131594999999997
5.93,15.67146666666666
48.2,46.353200000000044
13.4,13.459633333333331
20.1,18.466433333333324
7.91,12.212593333333329
22.38,21.507725
14.9,13.65982452380952
37.59,38.33058999999999
28.2,25.321353333333374
16.64,14.620623617226814
39.4,42.97115833333334
10.39,10.110859999999992
12.1,11.023393571428578
14.96,16.45702142857145
16.6,13.940099999999997
28.4,26.599483333333342
0.01,0.02626420634920631
36.36,35.09393333333331
9.8,8.938666904761908
1.18,1.2411749999999984
29.36,19.255000000000006
19.52,19.030023333333343
21.54,21.354259166666676
9.43,13.068119523809512
47.32,38.72473333333332
36.74,35.43253999999998
10.36,10.215761904761909
16.13,14.475367619047613
8.94,14.512263571428573
11.2,9.984173333333331
42.1,32.55039714285714
2.35,3.0947650000000007
6.4,6.8144416666666725
18.67,31.45074777777778
6.7,9.200568333333331
12.45,8.968648571428574
17.41,14.070135
0.01,0.19955127289377295
15.1,12.805973333333329
34.74,31.653999999999982
12.4,19.529918333333324
31.03,35.01920000000001
39.05,35.38169999999997
39.5,38.542483333333365
4.17,5.9012
10.8,14.926599999999999
19.5,19.06804488650382
39.42,39.384209999999996
23.72,21.884840000000004
9.89,14.748425000000006
0.15,0.11319761904761898
48.68,43.612448333333326
11.0,7.216178214285708
7.87,11.131369999999999
22.3,17.849175000000024
27.2,17.202999999999978
30.3,24.93390000000001
0.08,0.03395666666666669
2.64,2.3678933333333343
2.63,2.52159666666667
8.02,12.049211558441554
24.22,22.937395396278603
5.23,5.149783333333341
29.25,29.445726666666665
39.0,35.637715
0.35,0.3130076190476191
19.37,14.646816666666655
18.66,17.21037499999998
2.85,5.997800000000004
48.73,43.79199999999995
11.6,11.483950000000014
7.18,5.336789166666669
3.07,14.550441666666654
4.45,5.273453095238092
9.86,11.779000000000012
29.23,29.586158333333287
21.64,22.63271785714286
13.6,14.015200000000018
7.11,4.449880119047619
11.62,19.366247619047602
22.3,20.614391666666656
14.87,9.257829999999998
7.8,5.2642499999999925
5.39,4.581400000000001
7.76,8.027953333333326
1.09,1.2759550000000004
21.04,38.65399999999997
13.17,20.623888095238087
22.31,19.324699999999975
10.36,20.892512619047622
37.6,30.470533333333325
17.45,14.99518833333334
7.94,8.403360674603178
8.25,7.803353333333333
16.79,16.77000666666666
18.2,16.803623730158744
14.37,12.75496666666666
17.38,17.856234523809526
8.15,6.567200000000001
2.12,2.0433166666666667
21.12,19.429802857142864
45.45,44.66224380952381
53.7,22.663633333333326
6.22,6.508343333333338
6.25,11.387299999999996
9.05,6.537499999999999
34.9,33.019783333333315
10.45,7.855776666666676
4.62,19.596132802789754
23.47,22.195216666666678
12.9,10.162025238095223
6.0,5.846903333333334
14.37,13.727320000000006
8.06,7.522009999999997
3.5,1.0807999999999995
5.52,15.25181476190476
22.4,18.313499999999998
15.9,13.69645
5.19,4.784066666666667
10.44,10.23472500000001
5.1,4.367275
28.75,26.410699999999984
33.4,28.6881
0.08,0.09010333333333342
14.6,14.508100000000011
15.82,23.98318333333334
11.12,12.115275000000022
30.32,35.89039999999997
23.92,14.261406904761895
5.96,6.152503333333336
20.86,24.183773533000654
14.41,24.342419999999983
13.7,12.570999999999993
11.12,10.700400000000013
44.0,42.77113666666664
11.2,12.720233333333338
28.49,32.43730747474748
11.39,15.322799999999994
7.95,7.51852666666667
2.9,3.065696666666666
28.2,28.014799999999987
18.2,17.850700000000028
1.0,20.368626904761907
6.11,5.498911428571431
0.4,0.454375
17.79,18.147374285714307
2.98,5.441099999999998
2.65,2.4384883333333356
15.5,14.951866666666678
0.5,4.943303333333332
15.0,13.461067619047615
25.23,21.205733333333338
29.8,15.740883333333331
25.1,21.55834999999999
10.8,20.38715000000001
13.43,12.982654999999989
30.3,30.376987499999988
29.16,28.836000000000016
20.6,21.49563916666667
0.36,0.3020000000000003
12.96,26.92733261904761
12.8,12.379866666666656
22.9,21.751517261904773
23.8,23.242999999999988
21.4,20.615098333333336
10.84,13.031198333333336
6.28,6.397433333333328
19.24,17.378699999999995
47.59,47.1216
27.66,25.422593333333328
4.47,3.9727499999999982
9.11,11.466633333333329
1.15,2.728392380952382
1.32,1.5103233333333332
1.84,1.9789733333333333
56.25,31.662366666666653
8.36,4.6387916666666715
7.8,6.18224
16.89,16.972988095238108
16.88,16.777133333333346
15.76,13.623586666666672
15.66,12.70435000000001
0.1,0.0858483333333332
12.79,10.494018333333349
2.99,3.6862480952380947
7.55,7.932423333333338
14.0,12.795313095238106
7.88,5.2182759523809485
15.09,12.993999999999996
22.7,22.05552999999999
17.4,17.43558333333336
37.5,35.89369999999994
17.6,16.72843333333335
1.77,2.454618571428573
5.94,4.657258044733045
20.82,18.66500835668066
10.32,9.52401666666667
3.41,3.221580952380952
7.36,6.291471713564215
14.6,14.70641166666667
6.83,6.658812857142857
8.26,9.315233333333328
4.16,4.765999999999992
11.76,10.40732535714286
6.63,5.561503131868129
22.7,22.38260000000002
14.13,11.20901642857142
12.3,11.816599999999992
22.25,15.585199999999992
14.67,13.366399999999983
16.23,15.021913333333346
8.07,8.798205
2.77,3.431356190476192
18.19,13.672099999999993
18.2,20.589493333333333
25.5,25.09551
14.0,13.92042571428572
20.69,15.356999999999987
10.9,10.989783333333339
43.1,45.12477499999994
21.44,19.111266666666676
6.9,3.4493166666666677
18.29,20.59203679767385
8.58,9.524020000000004
21.33,20.308291666666673
15.68,19.649783333333325
1.51,1.0791199999999992
45.41,43.46208666666669
14.13,14.525283333333325
7.1,9.30660000000001
8.6,11.462999999999997
3.46,11.659591190476174
30.3,29.852879999999992
17.07,19.092917886002883
14.03,12.938099999999999
1.62,1.6561666666666666
28.09,24.693280889724324
31.49,33.21262666666661
6.75,9.18516666666667
11.4,14.492588095238089
4.33,5.469300000000001
18.58,17.936408999888997
32.5,31.75990238095238
7.09,9.924200000000006
22.52,21.500329999999966
4.82,9.285899999999987
9.69,11.262999999999998
6.86,7.076366666666664
26.06,25.24699666666668
11.1,12.988763333333317
20.58,18.37781452380952
21.32,23.504722045425655
12.17,11.666947142857147
5.12,4.634269285714283
12.01,10.076020238095241
28.07,27.024699999999985
13.21,21.084252505806543
24.8,25.6673
13.42,29.87550277777778
4.8,4.843249999999997
5.64,5.857666666666667
43.2,36.13600000000002
36.58,38.17224999999995
5.06,8.674135238095243
13.39,33.82240000000001
22.9,20.990943333333334
14.17,12.847146666666669
2.49,2.443474999999999
32.19,21.759938730158737
3.73,6.962574999999992
30.86,29.867341071428577
8.2,13.870371904761907
33.3,28.72190000000001
15.54,15.662586666666687
10.6,17.589699999999993
18.27,15.467663809523815
25.8,24.554466666666663
18.6,17.433363333333354
31.34,20.964915424676384
22.31,16.525527857142855
2.6,2.1458428571428576
12.0,14.173400000000006
10.53,10.540100000000002
3.08,3.9547583333333325
30.38,22.76943529627579
13.26,4.54353384920635
18.64,11.200745595238095
11.28,10.352000000000002
1.51,1.3876178571428568
23.97,23.381449999999987
1.36,18.94843000000001
29.5,29.56820000000003
1.34,1.383700000000002
30.9,16.914100000000012
26.14,9.817349999999994
10.5,10.843866666666655
30.2,30.515424999999947
11.0,15.765006666666684
16.39,16.72235000000002
19.18,16.794053333333355
20.2,13.705999999999996
6.32,7.22884
6.2,6.655133333333336
3.58,4.120380000000001
23.4,29.71199999999999
10.0,8.584241666666657
48.82,40.0973
10.03,11.472433333333347
20.01,19.404066666666658
2.05,7.982894999999998
15.5,13.458910000000008
36.46,14.888966666666681
23.6,22.238926666666657
16.1,12.059299999999999
23.53,27.72033333333336
10.41,11.788633333333337
11.1,13.112843333333336
6.88,39.83582619047619
39.84,44.314478571428516
8.48,21.772338946173658
18.75,17.494353333333333
7.79,7.285499999999998
7.12,6.357374761904758
6.01,6.605299999999993
26.79,23.593686666666695
12.11,13.015712142857137
36.36,34.28780000000001
21.0,17.225204761904763
0.14,0.19265000000000004
29.12,40.393339999999995
21.32,25.325383658820495
0.99,0.8738000000000008
2.2,4.338866666666664
30.3,29.363540000000043
9.09,9.033275000000012
26.53,23.7592
22.9,16.403576666666662
8.19,7.238341666666674
8.93,16.489983333333353
11.63,9.60115
10.37,12.030984166666661
18.3,18.35598
26.6,16.76289999999999
4.47,5.536309484126989
13.3,13.800761666666679
20.95,20.059200000000022
9.1,8.332220000000005
33.95,29.62383000000001
11.31,7.340208333333334
23.9,21.890899999999984
19.23,24.553157595065805
39.04,38.30509999999997
5.1,4.213621666666668
45.45,46.201383333333304
10.8,8.172966666666664
5.86,7.1535371428571475
0.14,0.33326666666666677
6.25,6.730209523809528
8.42,8.635280000000005
7.1,7.076441666666664
1.75,3.907678333333333
5.0,5.088883333333336
10.1,10.145630952380959
11.87,14.027685714285719
28.63,23.085450000000005
4.59,4.291901666666673
8.67,10.089916666666655
7.62,9.182160317460323
2.22,2.4950333333333323
19.5,12.771148333333329
0.1,0.08572569652569653
2.95,5.1794973809523785
2.68,5.692116904761904
35.6,27.851349047619046
20.76,21.835899999999988
16.13,17.153233333333347
18.2,12.436800000000003
21.74,19.092917886002883
49.1,34.79429999999999
12.17,8.428060952380957
30.88,22.691737790496433
23.2,20.467899999999982
8.2,6.030499999999993
26.7,24.429114285714263
0.08,0.059914880952380935
8.3,8.283999999999985
13.07,21.2262
41.0,39.26620000000002
11.83,10.695449999999992
40.31,38.291924999999985
14.0,13.92042571428572
8.92,8.185178333333326
19.68,28.342894770708735
17.2,16.728162619047627
16.98,19.785199999999985
20.76,14.884004999999997
1.95,3.0285678571428547
12.34,12.257900000000008
7.6,7.785466666666668
37.0,37.07369999999999
7.45,2.5717766666666693
23.9,21.747950000000014
16.4,14.358899999999997
1.0,1.0149000000000001
1.18,1.5716584632034636
17.46,17.777999999999984
0.46,0.3341799999999996
26.33,29.350000000000037
4.86,29.12899999999999
42.76,37.28840000000002
18.18,17.920824523809536
7.93,5.229375000000007
26.5,22.113053627989594
13.61,43.57450000000001
8.19,7.927908333333338
11.8,12.559949999999999
1.34,1.2002250000000008
33.18,28.878026666666663
14.28,12.563101666666666
16.31,20.2446773929131
6.7,14.396267499999999
31.4,33.28467857142855
7.5,7.359808333333328
9.8,9.376916666666675
5.57,5.519899999999998
30.53,30.84746666666667
4.72,6.901263333333335
26.26,20.297266666666683
35.47,35.765526190476166
27.33,36.97709999999999
20.07,12.858849999999997
20.77,19.163784999999976
24.54,23.612578253968255
18.2,17.435408333333346
5.55,4.208900952380959
8.85,16.367650000000005
6.93,7.264583611111107
8.07,7.899360952380944
18.48,20.775972354149882
20.7,12.112100000000016
13.2,15.765777380952397
13.17,21.75303369047622
12.8,20.11180343676649
18.74,23.749733333333335
4.15,15.638391666666678
5.4,9.633653690476192
50.07,41.923484285714295
14.88,12.944913333333334
10.6,10.821116666666668
18.35,15.286492658730158
6.0,8.329299999999995
29.2,24.811966666666667
0.16,0.06531273809523812
17.3,12.367977777777776
8.16,5.889599999999999
21.37,31.412160000000018
18.52,18.194389920634915
5.1,4.865899999999994
10.7,10.039099999999987
29.5,25.60580289183039
12.52,8.690516666666669
31.75,30.814899999999998
21.72,22.733056666666652
4.9,4.4132680952380925
16.99,14.896108333333348
0.63,0.5551500000000003
31.9,30.086733333333367
3.49,19.28376
8.3,8.030283333333335
15.2,11.071138333333343
44.73,40.63359999999998
12.68,18.14391785714284
7.81,11.022163333333335
4.9,4.3848590476190505
5.2,8.801896666666671
9.5,9.04070833333334
17.6,11.005058333333327
1.5,0.31830000000000047
5.62,4.054479999999999
12.5,24.883975419750808
32.76,30.95626666666668
24.79,20.11544047619045
37.13,28.201800000000027
0.38,0.20215833333333325
18.18,17.113669880952376
6.89,4.032899999999995
3.34,5.167499999999993
14.52,16.10110000000002
12.43,13.065470000000007
3.33,11.935599999999997
6.4,5.394208333333332
0.1,0.09989809523809522
18.18,17.90925000000002
11.75,12.154239642857146
18.86,9.59663
21.5,21.59548333333332
9.22,5.0154519047619
9.12,9.594924603174606
15.2,14.584789523809514
22.51,25.25995166666668
17.88,17.72115666666668
9.12,8.795306190476188
13.28,19.613981462772657
10.25,10.276687380952385
16.12,14.272433333333327
13.18,6.912099999999999
14.64,15.883966666666636
6.04,5.784015
27.42,22.893919166666663
13.94,11.640740000000005
3.7,3.5170119047619055
3.55,9.212900000000001
7.1,4.9306933333333305
10.39,12.696979761904764
18.2,18.536494444444465
23.2,18.633887619047627
30.2,29.728
11.01,11.625166666666683
12.89,20.775972354149882
13.35,12.324833333333343
24.38,10.99210666666666
25.94,20.484214285714266
17.15,11.87465
23.0,14.921600000000014
10.8,8.614209999999987
18.22,18.00220000000002
38.4,35.83336333333332
8.34,9.75480666666666
18.65,17.67556666666667
15.37,15.377780000000005
12.26,22.292062294372286
24.2,24.543939999999978
11.15,11.051678333333335
16.23,13.962800000000005
25.66,23.57125
14.54,35.01670666666665
9.83,5.889244999999997
7.85,7.54175000000001
15.4,11.048079047619053
10.87,13.798883333333343
11.8,11.17716666666668
9.86,9.189140000000004
9.51,15.236386666666677
30.3,29.179300000000023
10.04,10.43827999999999
8.14,12.869066666666651
14.0,9.01390218253968
7.1,5.390566666666672
16.1,14.0606
3.57,7.758833333333331
4.7,4.41916888888889
8.0,6.136399999999996
16.51,10.131749999999993
34.04,33.336600000000004
23.6,23.608751666666667
4.0,11.597954999999997
6.6,4.069861666666667
11.14,10.870073333333334
3.61,4.239725000000002
15.57,30.15610000000001
5.3,3.7533000000000016
4.88,6.2235166666666615
24.88,22.692933333333322
13.93,16.98507500000002
0.7,0.5865100000000002
3.8,9.581656190476188
37.5,36.464766666666634
0.49,1.1005249999999998
10.71,10.790063333333338
10.86,11.448776666666665
6.7,6.7957571428571395
15.53,11.078791666666673
8.66,8.231215238095238
18.18,16.34965357142859
27.8,19.56055357142857
20.71,20.20862500000001
23.31,21.270600000000016
12.1,19.090499999999988
4.7,9.424583333333342
6.29,6.157899999999996
5.83,5.917586666666665
6.59,7.8972000000000016
0.02,0.19955127289377295
4.43,3.741700000000002
10.0,8.457251666666664
6.15,6.161608333333333
11.0,10.308673571428567
8.87,13.935953333333318
7.65,5.247933333333326
2.32,4.692780119047619
22.16,26.26970000000002
27.31,27.893930714285716
49.5,43.55559666666665
12.38,9.72931000000001
33.79,36.789599999999965
18.77,20.144440000000007
1.48,3.408800000000001
3.71,3.487117142857141
18.2,17.466743333333334
11.75,30.771549999999987
11.8,14.175733333333339
17.6,16.383799999999987
0.23,2.6948849999999953
6.29,6.3913850000000005
5.56,8.227700000000008
5.56,5.461495833333342
16.4,17.521880000000007
30.12,22.113053627989594
30.13,29.13435000000003
37.21,43.05315000000006
14.53,13.694762619047612
5.7,10.468616666666652
36.45,37.684886666666664
4.22,5.517571666666668
28.74,31.291800000000038
10.81,14.173400000000006
32.5,30.528300000000048
19.3,48.04220000000002
20.36,12.555199920634923
11.1,15.417866666666674
46.78,45.45508166666666
14.61,10.573205119047621
14.44,22.554347142857168
0.97,1.8056166666666678
0.2,14.37152428571429
4.3,3.1647499999999993
18.18,17.42213793650796
1.62,1.6683266666666667
10.0,20.571466666666648
7.94,5.607764999999998
9.2,16.950700000000023
13.45,9.936380833333333
8.0,7.646100000000006
13.1,11.734433333333325
6.15,4.110891904761907
24.25,17.606250000000017
10.3,10.04284166666668
6.2,5.932033333333335
6.85,7.2628783333333375
16.56,19.51338583584715
1.29,1.262096666666668
3.58,10.742683333333334
23.2,22.44416666666666
15.52,14.317860000000014
27.77,27.10847666666665
0.74,3.0651416666666673
2.27,5.643216666666668
5.23,5.336298253968259
11.36,8.333414999999997
14.12,23.170097108355698
7.23,12.318148333333324
26.47,20.89193742063493
11.6,29.395100000000003
0.1,0.10699999999999997
17.9,17.81752857142858
6.97,6.634089523809522
31.63,33.026599999999966
37.2,38.52486666666666
15.54,15.17962416666667
1.52,8.354824999999998
4.17,7.028299999999998
40.43,41.56329999999997
22.4,21.627625198412687
51.26,50.68610523809526
10.15,9.805174285714283
26.18,22.043441666666652
43.9,26.518600000000006
12.36,24.183773533000654
27.22,26.532533333333337
2.02,2.0175166666666664
48.48,46.865275000000004
11.4,9.63834000000001
25.8,19.11859999999999
1.67,9.656022380952376
8.65,17.15967166666664
0.09,0.0820637953712954
10.95,21.50546166666668
6.1,11.411086666666668
22.9,21.502871111111084
0.13,0.10740772005772
23.55,23.31570999999999
5.74,5.595599999999999
34.31,20.469746547619046
48.85,47.105001666666666
16.14,14.3947
5.6,5.2963866666666695
0.14,0.06738476190476189
25.14,25.552966666666663
18.2,18.032364047619048
26.49,25.861238333333343
8.72,7.4600166666666725
6.06,5.9660210714285755
18.3,13.495860714285715
14.4,13.963715
10.18,21.87465527551566
23.93,23.141449999999985
18.04,24.553157595065805
21.82,19.15260000000001
6.02,5.654850000000002
34.5,31.180149999999966
15.3,13.69313333333334
7.26,8.869300000000012
2.0,2.992733333333332
2.67,2.634228571428573
20.4,23.954370833333343
15.03,23.72932189310689
24.98,23.80609166666666
1.83,1.5891452380952373
17.59,17.737433095238107
16.28,15.585004999999988
9.0,18.693296666666686
5.2,10.575479999999995
8.34,7.889999999999995
2.01,1.9555233333333342
13.56,12.298546666666667
24.73,22.549533333333343
10.7,11.053799999999994
11.2,9.92754976190477
7.69,7.393900000000006
17.7,10.54613333333332
0.08,0.09010333333333342
2.12,2.359300000000002
18.18,16.22261000000001
23.87,21.205733333333338
11.53,20.165519999999983
20.51,21.832128333333316
3.38,3.885416666666666
9.5,7.753599999999997
10.4,11.26165999999999
5.93,8.273199999999997
5.75,5.4878583333333335
6.76,17.90386499999999
15.59,9.945950000000003
22.1,16.54994833333334
18.2,17.612360000000013
0.1,0.08456666666666658
30.69,27.6869
9.73,24.244900000000012
8.67,8.79470000000001
48.73,44.35920000000004
0.37,0.6567166666666671
9.81,10.611664761904764
13.01,12.885250952380943
29.9,18.024745445665452
2.98,2.7464366666666655
9.5,8.708679999999998
13.0,9.466333333333328
16.9,17.124878333333353
5.8,5.526767857142855
39.5,35.954471666666656
15.9,14.069214761904759
27.01,21.97562837020608
22.4,21.595500000000033
1.62,1.6942083333333329
32.0,30.118099999999995
24.16,21.891928254106997
15.88,11.2958
10.43,10.515541547619039
17.8,17.83212
3.9,2.8842166666666653
1.4,1.7303699999999993
21.4,14.952200000000003
19.6,18.23800000000002
20.05,30.99528276556776
11.3,10.796965000000014
1.79,8.436725
10.26,9.53865833333333
4.24,5.002470000000006
19.29,18.69510416666669
8.9,6.7917999999999905
10.05,15.24776738095238
4.5,4.4982500000000005
23.5,16.85499309523811
44.35,37.86109999999997
18.18,18.32987158730158
45.8,46.09522000000002
26.1,22.797391666666684
5.4,6.817969999999997
37.11,37.644699999999965
28.12,25.3055942857143
16.35,15.714936547619038
18.2,13.6954
20.2,19.615630000000014
22.3,15.448049999999984
14.48,22.199568333333332
10.85,14.80873
51.86,34.94510000000003
16.46,11.561633333333331
45.45,39.88256666666667
17.4,20.063183333333345
7.98,17.52139999999999
36.03,48.04389999999998
15.16,9.739271666666665
20.34,20.253260949257523
18.18,17.53370666666669
18.6,15.85739166666665
10.66,8.188670000000004
11.19,10.865119852092356
33.57,33.08239999999997
6.0,5.355986666666663
8.2,8.128316428571429
15.15,13.944979047619045
22.07,25.55732500000001
19.2,17.1510069047619
8.69,10.629958333333342
21.3,22.013707857142858
13.8,12.524905833333332
37.8,33.743600000000015
1.8,5.90481666666666
32.2,30.00533857142859
3.06,3.349486666666665
21.96,35.26993571428572
8.6,11.826085000000008
18.8,18.945387499999985
21.1,41.4360833333333
8.79,10.6651
12.25,10.577491666666669
10.19,10.11239309523809
22.3,22.1595
0.1,0.09549626984126983
31.49,31.87190666666666
17.67,18.797977857142858
22.8,20.949903333333342
10.8,10.0734
21.51,21.175750000000004
8.43,7.677233333333326
8.9,5.765600000000001
6.82,7.2126607142857155
18.79,24.310070000000007
3.81,5.688100000000002
1.14,1.3927000000000007
12.1,13.88670809523811
18.84,26.373889444444455
13.76,8.467955952380953
32.7,31.922208214285728
10.0,15.336720000000014
6.85,5.561503131868129
18.2,36.3892
16.31,17.45134166666669
13.33,23.170097108355698
11.04,9.034139999999997
7.1,9.305766666666678
10.8,10.709320000000007
14.08,30.99528276556776
25.0,24.403285714285712
18.19,15.840940000000005
8.0,7.497294999999996
24.6,22.447749999999996
9.1,8.603713333333326
11.58,11.591013333333338
6.19,5.034378095238097
20.76,17.71880000000001
7.29,7.33273666666666
19.3,17.917966666666665
5.19,11.640140000000004
39.1,39.77112666666669
12.6,23.562199999999994
26.9,22.246000000000024
41.08,39.349299999999964
8.27,11.055966666666663
0.12,1.3507000000000005
22.5,22.266858571428564
20.76,21.68148000000001
15.2,14.021144047619032
37.7,26.752366666666656
15.0,14.18730000000001
5.1,5.866149999999994
38.24,28.813756666666674
24.5,13.717200000000005
12.48,21.48687444444444
25.59,21.288265952380954
15.1,14.556377619047606
11.72,13.979920000000009
10.99,9.27585666666666
12.22,11.227016666666675
43.1,39.25738333333332
7.2,6.915299999999993
17.11,20.34554523809524
13.7,17.984099999999998
29.5,30.118099999999995
30.16,18.37871166666666
19.5,17.61407333333332
56.87,46.15810000000002
21.21,11.377760000000007
11.21,16.266158333333337
9.25,10.195793333333334
49.89,42.89000000000003
7.08,5.496969999999997
38.55,41.071533333333306
22.3,14.229633333333336
11.41,26.4469
24.09,21.702921904761894
11.06,9.11640333333334
25.49,20.05162588970163
18.18,18.188783333333355
12.11,16.301779999999994
11.6,13.554657380952369
9.48,9.276838809523811
20.89,15.25181476190476
0.6,0.3940999999999992
18.34,14.029790000000006
24.49,24.10083363636363
42.51,43.38920000000005
14.61,14.799197857142858
1.0,1.040000000000001
3.78,2.6765333333333343
22.69,12.767616666666672
14.38,11.015577142857143
4.8,24.042499999999986
3.7,6.6364999999999945
20.66,19.282567380952386
6.8,6.719233333333342
0.22,0.6486449999999995
20.73,13.103876666666684
5.21,5.8434450000000036
19.86,27.957483333333325
13.65,12.0908
47.96,44.521550000000005
3.19,4.1605580952380965
31.53,30.613200000000017
18.0,15.167600000000004
8.21,8.335108333333336
2.8,5.265599999999997
18.2,17.617475000000002
22.3,26.93524166666668
9.33,18.574583333333347
41.4,42.90673333333331
14.19,12.271800000000015
10.1,9.28730898268398
0.77,0.7354249999999994
17.74,19.160500000000013
18.45,17.122999999999983
18.4,18.510924999999997
22.3,20.92016666666667
20.76,21.426292857142833
37.95,32.96680811688314
5.3,6.017491666666668
5.0,8.414236666666667
8.79,16.803623730158744
2.66,2.582029999999997
5.6,14.136183333333323
11.5,11.440499999999997
16.7,9.98074999999999
4.08,4.239437500000006
6.9,5.103966666666671
13.7,10.92060000000001
2.49,3.317708333333333
7.0,9.170630714285709
3.1,2.6752999999999982
10.23,15.124751666666647
26.3,36.19500000000002
1.6,1.8577499999999998
17.54,26.292349746357058
7.6,8.864546666666662
18.2,18.21079238095239
11.11,11.728500000000018
8.56,7.927150000000009
23.8,20.99389999999999
29.22,17.698371428571424
5.37,5.828408095238098
10.0,9.709020238095242
7.05,7.291600000000012
0.87,0.8289380952380949
14.0,13.818200000000001
12.33,15.143129999999992
14.55,18.71457166666667
11.49,12.277019047619046
2.3,3.5469216666666714
44.04,32.58559999999997
6.0,6.79038833333334
18.7,17.752831428571426
28.82,26.198899999999984
13.16,9.794684999999992
10.0,9.489269523809515
43.88,42.34191142857139
9.1,5.826879999999996
6.26,5.7069257142857115
15.3,9.591953571428572
6.63,10.129639999999997
6.9,6.388260714285715
7.8,7.888399999999997
6.32,6.740388253968256
12.13,11.994105000000005
18.18,17.599943095238107
3.18,3.0282999999999975
22.12,18.916309801262493
8.23,6.461348333333331
10.02,13.289378571428571
29.4,26.65801000000001
12.04,15.021502380952379
7.25,6.807113333333331
19.27,16.773326666666676
23.2,19.191075476190477
44.12,44.287349999999975
24.38,24.50445964285715
9.8,13.142933333333337
15.99,19.43166761904761
18.2,10.480860000000012
23.2,20.207933333333333
2.72,7.490964999999999
26.4,12.209699999999998
16.72,14.378494999999988
22.3,21.64085880952379
7.4,5.291823333333342
48.65,50.34689999999996
21.58,22.282299999999996
9.37,8.602899999999995
8.1,6.166926666666674
4.32,5.977483333333334
5.08,5.309650000000001
16.21,15.697106666666652
8.1,7.486600000000001
1.5,1.2292190476190485
21.59,16.30855154761905
5.63,6.068174999999997
7.73,6.77698753968254
40.15,31.346200000000017
38.37,36.69280333333334
3.8,3.5815233333333363
9.22,9.633967857142853
18.2,18.222800000000028
10.89,9.919299999999996
0.24,0.31830000000000047
9.74,9.913999999999985
6.0,5.357595714285715
10.3,11.458490000000015
7.95,4.650317857142857
81.01,35.94250000000001
19.1,8.535840476190488
31.85,30.988533333333354
36.92,37.33449000000001
18.18,17.81962146825397
47.78,47.0946
16.47,9.195523571428572
2.1,2.0037433333333348
21.75,24.88531666666667
2.79,12.679443452380957
10.88,10.495222222222223
2.38,2.65280238095238
7.29,6.5189549999999965
17.88,18.52931166666665
18.2,16.476733333333346
17.15,26.133143333333333
5.15,15.578700000000001
26.06,21.355771190476172
16.14,16.93289666666668
17.92,20.2446773929131
5.9,6.0795225
8.11,5.781646666666665
20.8,16.158666666666683
36.4,36.56591666666669
11.22,10.301308333333337
3.68,18.11815226190475
6.65,3.828220000000006
9.5,26.9723
19.34,36.479959999999984
18.2,16.61245952380952
4.5,5.5157433333333366
38.1,39.61869666666673
10.8,10.652783333333323
7.14,5.7189499999999995
4.74,4.300006666666664
23.42,47.441391666666725
14.3,15.487571666666675
40.52,35.244411981351995
30.3,28.169703333333317
10.6,9.85165833333333
29.49,26.435311706349196
14.06,11.902000000000005
9.1,8.790254999999998
11.14,10.078346666666661
20.68,19.101668492063485
14.75,16.71339166666668
1.69,1.0258041666666669
22.2,22.35176904761902
4.67,11.915308888888896
9.16,10.09521666666666
21.47,21.60808880952381
18.68,15.313014999999993
34.38,32.241599999999984
15.2,13.289740000000009
10.62,9.615549999999995
13.57,29.87550277777778
14.76,11.022933333333334
18.18,18.98510333333335
21.52,20.074416428571425
7.13,7.091958333333335
34.22,37.04383333333334
6.7,6.332214285714284
1.63,7.31884833333334
11.12,9.75506666666667
5.7,6.858997619047622
25.9,25.098200000000006
29.31,34.522655800865806
8.5,9.244256666666669
23.2,22.576900000000013
12.8,13.162599999999987
11.09,9.259856190476198
5.1,9.242400000000005
22.55,19.06809999999998
11.65,17.98098428571429
11.27,10.731420238095238
17.55,28.484110833333332
13.76,13.343944047619052
14.87,21.49726472555223
16.18,17.602659285714292
0.37,0.3807666666666661
17.91,16.50582333333334
7.63,6.990126666666669
3.0,11.0056
14.59,12.663995714285702
5.71,4.754636666666665
11.67,11.333149999999998
10.43,5.313499999999993
43.83,46.934299999999965
14.49,11.856233333333332
16.87,16.12596250000001
13.53,9.229800000000001
6.3,4.486416666666668
17.7,17.332403333333342
15.05,11.470449999999998
22.86,11.682300000000016
11.77,14.234362619047616
8.76,8.812650000000009
10.62,10.155905000000011
17.1,16.246610000000018
7.08,11.032038809523806
15.4,29.67666785714286
22.3,21.95844999999999
10.61,17.015600000000006
22.3,18.653086666666656
18.18,17.603541666666654
9.5,11.6458
42.0,35.21616999999999
0.42,0.25705166666666684
5.5,4.814475000000004
2.8,21.05826966875051
13.0,9.903060000000005
19.2,14.991384999999998
11.05,8.637699999999995
6.6,6.335630000000002
41.61,39.76713555555554
7.02,13.146899999999993
10.72,9.762350000000009
12.86,13.355682142857146
25.47,24.553157595065805
13.41,10.675494999999994
10.64,26.097359999999984
7.64,8.538976666666663
9.18,9.309800000000003
12.73,13.139223333333334
7.79,20.588505476190466
10.62,8.449976666666664
8.41,15.265950000000009
25.01,17.20780611111112
18.35,17.664900000000024
7.86,6.419081666666666
19.14,41.64079999999996
14.0,9.745358333333341
6.44,6.4634183333333315
17.8,17.132533333333342
57.29,13.50748958333333
35.02,34.840900000000026
50.17,31.66787499999997
6.13,6.42011785714286
14.34,20.735280751879717
10.68,10.92353333333332
18.12,19.210891666666665
20.7,18.198933333333336
5.92,5.893208333333333
0.1,0.10495496031746038
3.06,5.211500000000002
24.09,23.345499999999973
4.29,9.812933333333332
3.48,6.692570000000004
14.26,16.574299285714286
3.65,3.3523999999999985
9.7,6.248431666666669
9.89,10.202620000000008
12.7,11.960460000000012
11.8,15.672399999999998
34.98,38.22590000000002
44.9,33.9097
4.48,8.20499761904761
23.2,22.683099999999996
7.2,35.283449999999974
22.3,18.085166666666655
8.3,9.419353333333339
4.67,4.800350000000005
1.86,2.036468333333333
10.66,11.675949999999993
18.2,18.09880000000003
16.5,9.50493333333332
25.15,23.211245027019334
18.18,17.84206904761904
0.97,0.9647100000000006
15.1,14.031183333333356
10.1,7.8360337301587215
30.9,29.644000000000037
20.83,12.413927619047621
23.7,25.627135
23.27,18.43894142857144
23.0,22.113053627989594
10.4,10.155632372627371
10.1,8.87095833333334
0.13,0.09172285714285705
5.3,6.659499999999993
4.33,7.909378571428572
17.8,15.1712
6.0,5.4831966666666645
16.43,9.439249999999992
3.74,23.170097108355698
14.87,15.951058333333307
5.04,5.387174999999997
29.74,28.84350000000002
4.25,11.391379047619054
11.86,12.34840833333333
12.39,15.871357994227987
27.67,24.985824206349204
19.26,19.939179999999986
38.37,36.20750000000003
9.39,15.341546666666677
1.89,2.789741666666668
3.01,5.840873809523808
29.68,16.847003257853256
21.95,24.553157595065805
14.05,11.435349999999994
3.17,2.0891899999999985
13.5,10.815286904761907
6.38,21.1622719047619
18.8,17.06969999999999
29.95,21.05826966875051
25.39,22.001780000000004
10.0,8.94208253968254
18.18,17.3079573809524
12.19,8.392099999999996
19.36,12.825286666666656
18.4,18.87885833333336
9.71,21.320238095238086
20.6,19.30630642857143
29.6,23.63445425022245
27.22,18.22582333333335
9.93,9.021999999999993
25.2,24.519949523809505
16.34,16.96165
16.4,15.149120000000012
12.41,13.768354999999996
23.95,22.730831620879126
17.95,20.923466666666673
45.3,40.40414999999997
8.78,8.77587777777779
8.5,4.833999999999996
31.41,31.215841666666705
13.21,13.384616666666668
41.24,36.08113333333331
5.24,5.1967749999999935
9.58,6.486114999999995
10.7,9.991373809523806
12.7,11.839150000000004
25.64,26.833874999999964
13.02,16.15586071428569
22.36,22.461983333333333
3.0,2.8024999999999984
3.79,7.077599999999998
10.7,9.775411829004344
19.32,20.29595431096818
14.42,19.000915833333345
38.3,43.853300000000026
26.7,21.707850000000022
7.87,5.030246666666662
34.7,29.720723333333318
2.16,2.2554833333333364
32.4,34.50249999999998
0.3,0.26438166666666674
1.7,1.7141
1.4,1.5587000000000009
4.57,3.956616666666663
9.46,15.22691
45.69,32.26927166666665
15.7,14.50768809523811
2.1,1.9940933333333346
10.41,10.964825000000008
3.11,3.052953333333333
6.44,8.091577380952378
19.2,17.99795857142859
15.83,13.867785793650814
24.0,14.241575000000012
4.57,9.10800000000001
9.24,8.52393166666668
6.15,8.514276666666671
16.36,23.575492514104553
12.48,17.15033464285715
11.3,9.859683333333333
9.29,21.83770166666665
20.6,18.566358333333362
12.23,14.122324855699853
26.1,18.360799999999994
24.99,24.810049999999986
28.62,18.156833333333342
14.15,10.506333333333332
2.35,4.571003333333337
27.98,26.641028095238095
9.44,9.183486230158728
2.66,4.236266666666669
18.62,17.0425269047619
25.5,17.442300000000007
0.01,4.830600000000001
19.91,20.078148333333317
0.3,0.6696999999999993
18.48,22.030408333333327
0.08,0.08346488095238086
9.96,19.25320000000002
15.19,12.417983333333332
21.3,22.092216666666644
1.97,2.0005011904761902
21.59,21.574026666666658
13.75,16.893466666666665
11.34,7.766684999999996
31.02,16.980228661061155
0.02,9.474571666666685
6.8,6.679023333333331
26.88,25.55732500000001
23.36,19.857336666666658
26.2,23.077533333333328
49.7,47.783666666666704
3.13,6.034141666666666
18.18,17.523825000000002
0.2,0.23398333333333327
31.06,20.616180687658108
27.42,24.030433333333317
6.35,5.887552142857142
3.41,2.67836261904762
9.64,9.324960000000003
7.67,18.466433333333324
45.8,45.994483333333356
16.39,22.968993333333355
4.84,5.243889999999999
7.36,11.15146666666666
23.2,21.78865833333332
12.0,9.588253333333338
17.97,15.318194999999994
6.8,4.413800000000006
17.49,31.300600000000017
17.3,15.831099999999998
5.6,10.756800000000007
4.9,4.2109000000000005
24.1,22.68009000000001
1.07,7.038478333333336
20.76,19.240042301587295
21.7,21.22285333333332
18.0,13.59785523809523
19.15,16.590969999999988
6.79,11.910139999999991
18.6,19.97192333679756
1.09,13.001195000000003
26.17,21.24960401704391
10.37,8.65186123015873
38.5,43.21073499999996
13.0,8.767109999999997
12.17,9.105953333333328
20.15,18.24540357142857
0.04,0.034705198412698396
34.1,32.346000000000004
11.4,11.621367698412698
20.52,24.688938333333343
7.97,7.286304999999994
6.99,21.35291999999999
19.94,18.557820277777793
12.12,12.313279999999999
9.8,6.599913095238091
7.0,11.140200000000002
5.6,9.002891666666663
10.53,8.624824999999998
12.58,11.61113333333333
0.3,0.22149999999999978
18.3,16.790116666666666
12.5,12.97291035714286
13.05,21.79304725857477
25.02,26.94437302095413
6.8,5.415778095238093
39.33,39.80190000000002
36.21,36.08431666666663
7.0,4.418899999999996
45.45,48.2594266666667
6.2,5.280297976190479
0.33,0.3053166666666668
23.7,20.574800000000025
8.5,11.03378333333333
25.73,25.90915904761906
18.85,16.789505
19.01,23.403525
2.5,4.511943333333336
23.24,22.669874999999994
1.3,1.507800000000001
13.1,20.149199999999986
19.06,21.238805476190482
18.0,32.97013333333336
34.54,30.58979999999999
28.2,22.188037500000014
10.85,12.650063809523811
9.09,7.820984603174605
37.72,34.19656666666665
18.18,17.923611904761923
3.48,6.28538666666667
9.5,8.057109999999993
10.3,12.497006666666659
0.44,7.869499999999999
5.35,3.737706666666666
18.2,17.732750952380968
14.3,13.178783571428575
23.2,17.790723333333343
16.31,15.467094285714298
3.5,4.040433333333331
20.33,19.63832833333336
14.3,17.070199999999996
13.62,13.206833333333336
33.01,32.73447527417027
5.6,9.76627999999999
21.8,18.845107222222218
54.85,2.6608033333333334
10.7,10.817000000000002
5.6,5.0926333333333265
5.41,12.81450833333333
14.98,15.631699999999997
3.67,14.44371666666667
13.5,11.972596666666659
1.48,1.8423499999999995
6.51,5.675362857142854
4.46,4.625736666666664
22.7,18.372269999999986
22.3,20.97036051587301
9.78,15.83093333333335
16.54,24.883975419750808
9.2,8.812650000000009
14.65,13.40280714285714
15.2,15.180283333333348
36.4,34.16847999999999
30.35,21.98153903917978
11.06,9.258258333333323
6.32,4.781350000000004
10.03,17.037663333333334
36.41,32.26376666666667
36.46,34.53969999999996
1.4,1.3185300000000015
3.03,5.547393333333331
10.2,10.131091666666658
9.76,8.77587777777779
16.93,14.870416666666676
19.3,16.692426666666687
11.84,11.875218571428572
43.04,39.029500000000006
11.44,10.823590000000008
1.44,2.8076783333333366
25.05,26.04217666666667
4.3,4.667116904761903
33.09,32.821400000000025
30.7,27.329437565038088
15.6,15.74362
16.1,14.421095000000005
27.75,18.708139999999993
18.18,18.109650000000016
18.07,18.759318333333344
15.15,13.400833333333319
18.2,11.712776666666667
26.54,29.941186666666677
30.89,23.62084714285714
20.94,19.229646666666692
16.6,15.766355555555544
14.13,12.492783333333339
21.23,22.57032333333333
36.31,44.131678571428544
0.1,0.019341428571428586
1.65,3.6836304365079378
14.0,13.083833333333326
15.22,14.421859285714302
10.6,7.231643571428574
16.16,22.533807142857135
18.44,18.000969999999995
43.27,45.207300000000004
8.0,9.065536666666668
28.94,27.48669999999996
19.91,15.3722
14.67,14.389192222222219
11.17,15.920256666666658
22.4,22.99800000000001
2.73,2.766110779220778
1.24,1.182800000000001
27.55,27.969904999999997
12.55,11.349850000000002
11.06,14.492588095238089
18.18,13.285379047619056
22.3,17.498400000000004
22.3,23.309199999999997
26.29,26.049475
23.76,24.647343333333346
15.29,26.94437302095413
11.2,10.944914999999998
10.0,8.208475000000007
1.74,1.571259999999998
12.1,11.00930000000001
10.22,10.22455999999999
16.4,17.08144
4.14,4.467384761904756
3.04,3.7226749999999957
20.5,20.749231666666645
45.9,44.59414999999999
18.2,13.008100000000013
34.56,29.854700000000022
9.7,8.462031666666674
4.41,2.3037447619047624
11.83,10.115499999999995
4.56,5.0470102344877334
10.1,15.390210714285724
33.19,30.6842
38.7,36.59929999999995
1.96,1.870826666666667
36.5,39.62895
30.9,21.245900000000024
0.93,0.9136000000000013
15.2,13.789050000000014
8.34,6.764770436507936
18.2,17.712863333333335
27.4,26.24252285714285
30.97,31.103
47.12,48.88919999999998
23.62,20.66957499999999
22.4,13.158918333333325
34.48,33.26429999999996
15.53,15.481899047619045
0.19,0.15265809523809515
22.3,22.7166938095238
20.36,6.833245833333341
20.76,20.09730023809523
14.45,11.627037619047632
22.3,18.464351100288603
6.36,6.805560000000009
9.2,7.6002316666666685
37.57,36.80384999999997
7.5,11.703200000000002
10.3,8.894236666666673
16.3,15.255111190476184
6.8,6.6785104761904766
22.41,43.147266666666674
23.23,24.268193368699045
2.45,3.057666666666664
28.64,26.66307833333333
4.51,4.257840000000001
22.68,16.082000000000008
52.09,50.65977690476192
28.08,27.14226091269843
48.8,47.40192500000002
0.06,0.0299831349206349
23.03,20.05742912489279
19.92,5.284350000000001
20.15,18.85561666666664
29.28,29.08663333333335
14.34,14.748599999999994
10.35,9.195699999999999
2.88,2.69928333333333
10.6,14.736400000000001
23.2,18.642325000000014
6.97,17.639570505050504
21.44,8.657384377289368
3.18,3.310946666666668
5.2,3.7194600000000015
22.81,21.35110239538238
39.01,32.19908333333331
33.4,30.664217499999985
11.21,20.253260949257523
6.89,19.543368333333333
40.1,41.11289666666666
9.92,23.63445425022245
0.06,0.088445
4.17,29.832399999999964
12.37,7.430433333333333
16.53,16.953783901792647
23.9,22.121333333333347
9.0,8.130265000000003
46.92,48.10053666666665
18.19,15.653755000000006
4.46,8.487519999999995
0.7,1.348000000000001
14.38,14.721006666666662
4.25,7.657274999999995
14.84,14.765545555555548
9.13,8.088333333333328
23.4,22.44394666666666
18.11,17.984675000000017
45.52,28.37735317460316
19.68,22.352500000000013
14.14,13.001195000000003
22.4,21.97626666666666
17.3,17.995413333333328
28.2,37.12927499999995
29.03,22.106294387847097
5.08,18.070415007815107
3.36,5.575146190476184
23.56,17.227606666666667
18.2,17.87675833333334
24.3,20.772533333333318
51.8,49.81841666666665
26.45,26.02720000000001
15.63,13.4505
12.2,10.462674999999997
19.2,16.448242857142855
12.58,11.112085000000002
0.14,0.06322583333333326
8.02,10.54189166666666
31.61,38.27702666666665
0.1,0.06427809523809526
13.52,28.556366666666705
3.69,7.147016666666668
11.53,15.71185
3.45,3.3199666666666663
5.6,5.093866666666665
13.73,13.749670000000014
6.07,5.349533333333332
11.01,15.019000000000016
12.6,13.231646904761906
15.77,10.497141666666673
22.3,20.989773333333325
40.63,37.79960000000002
16.46,18.46922523809523
23.9,22.07793333333334
18.03,16.7842142857143
2.23,2.486356666666666
4.91,8.009956666666671
18.3,19.069788730158738
3.42,3.2771800000000018
25.85,18.047800000000013
9.75,7.8862833333333295
1.2,1.156828333333333
26.85,26.820366666666683
21.36,23.211245027019334
16.68,10.67536666666668
7.61,5.930081666666662
7.36,24.631474999999963
1.1,2.1811553968253974
20.4,20.642670000000006
1.52,1.4946532142857136
19.2,12.777111666666661
13.77,14.37765
10.57,8.679600000000004
22.33,7.244299999999997
0.1,0.07423621572871572
37.2,37.14430000000005
39.21,22.63593666666669
0.26,0.17592178571428568
5.34,6.5581171428571405
23.13,20.580132619047607
18.2,18.20000000000003
18.2,12.789822857142862
13.5,7.498999999999998
14.95,11.334000000000009
5.25,5.7438999999999885
30.6,23.13020000000001
19.78,19.213499999999996
9.21,18.297813333333323
8.03,11.810726190476196
18.2,16.306100000000026
8.52,7.024492341269843
6.41,7.137219999999997
8.6,9.360825238095249
4.71,4.537199999999998
10.7,12.80201666666666
16.56,17.28294999999999
19.75,17.248424761904758
11.1,10.466185000000001
10.65,37.86733499999998
7.6,8.833200000000003
23.2,20.28119999999999
15.0,13.322061666666679
44.88,28.780099999999994
10.7,12.50269166666667
22.3,21.822998333333334
1.1,1.3442997619047632
0.04,26.178016666666686
9.8,2.4650271428571404
12.2,7.319780000000004
8.65,18.113000000000028
18.2,17.615180183982687
31.89,24.47665000000001
2.24,3.7869199999999976
45.45,43.95299999999997
52.43,33.482616666666644
0.2,0.04183321428571427
24.36,23.66923511826109
21.45,14.096580290542787
24.1,23.386746666666678
18.18,16.36001000000001
17.0,18.784466666666653
13.14,14.652266666666652
2.6,4.0980500000000015
12.0,13.84058571428572
4.43,4.364416666666668
20.05,21.87465527551566
15.16,13.581943333333335
13.6,18.998025000000013
7.43,7.164470000000002
18.83,20.238700000000012
31.1,30.739146428571463
24.35,5.979533333333331
13.11,12.313279999999999
6.56,14.109033333333322
3.88,5.099700000000001
7.8,11.024424999999997
7.6,6.1888
10.51,9.061469999999998
29.75,25.28741666666665
23.88,28.376700000000007
45.46,41.275216666666665
20.92,26.79141047619047
40.36,46.50261666666671
20.6,24.553157595065805
1.8,2.8516000000000026
15.13,15.723800000000015
8.62,7.934249999999987
26.38,20.519643816738814
0.06,0.07815833333333329
18.2,18.187240000000028
3.64,3.0307366666666677
22.31,21.063090714285714
6.4,7.803956666666669
13.7,13.135074999999993
34.4,24.1608
6.66,17.296460000000017
11.1,8.472886666666671
7.7,8.35451476190477
16.06,23.63932333333335
17.15,16.39488833333334
37.89,39.34190888888887
4.58,10.08746000000001
9.38,8.886090000000001
8.48,14.603766666666655
12.51,17.531930000000003
17.29,17.96672333333334
10.0,6.553499999999999
15.91,15.358926190476193
20.0,20.100891666666676
3.3,4.9423800000000035
14.1,10.512608333333334
45.3,43.41009999999995
14.71,19.54129333333334
11.19,19.01023333333335
18.19,18.185497142857162
11.14,17.748624999999976
4.2,5.346600000000003
12.43,13.294900000000007
9.7,8.584178333333321
8.83,8.81560666666667
16.49,17.175583333333343
33.5,28.741899999999998
22.4,20.624700000000022
12.2,12.159949999999995
7.6,9.811983333333332
24.35,18.48309928571429
16.98,15.068843333333346
18.45,15.725440595238101
9.2,9.423799999999998
3.78,3.6151583333333344
5.92,6.440300000000007
6.7,7.1631329761904805
34.77,33.51028666666667
8.14,6.600694999999998
3.75,3.4559999999999995
0.02,14.618623571428568
11.62,24.433169999999997
18.12,28.94726095238095
16.74,14.719119999999986
11.7,12.916417777777774
32.0,29.947300000000013
12.6,12.973800000000006
20.44,9.588775
8.7,15.662999999999984
5.1,4.851936861471862
0.68,0.6266951190476192
18.18,17.91978333333332
22.32,21.541415969030965
15.8,15.789683333333324
22.3,19.117894999999994
20.61,24.368344277731612
12.12,13.53571666666666
18.2,16.382890476190486
39.3,38.787499999999994
6.38,6.04554
3.85,2.9319333333333333
34.56,37.711266666666674
6.53,6.391666666666669
26.58,24.618649999999988
20.2,19.778581111111095
20.76,21.99545273809524
14.2,8.77586333333334
18.1,18.442083333333336
19.42,15.95634206349208
18.2,18.664260000000027
10.4,10.08893166666667
7.15,11.171547619047619
0.71,1.0710999999999995
9.41,19.656693333333333
15.63,13.03242499999999
17.33,29.929697142857155
9.13,8.2161523015873
17.89,34.49222499999997
19.48,12.35421468253968
7.65,7.1860750000000015
17.97,24.603435064935066
6.93,24.177646666666682
7.52,5.031066666666666
10.26,11.221100000000014
13.94,13.241900000000001
0.19,1.1060666666666663
19.2,15.156775000000016
39.45,32.950999999999965
18.74,11.074749999999993
8.78,10.819739999999985
0.08,0.14724333333333328
9.95,9.695766666666662
22.1,21.959553809523822
18.2,17.202261666666647
23.47,23.68658333333332
12.05,10.066142500000002
36.8,37.03756666666667
10.6,10.439900000000012
6.39,5.198380000000004
11.1,10.181786666666666
4.1,3.7650833333333353
16.91,17.09597682539682
17.61,19.405030000000025
22.3,20.074946666666666
0.5,0.3400916666666665
34.79,25.631104999999984
19.82,19.323096922389958
3.76,4.708206666666668
7.27,4.524376666666669
3.8,7.38426333333333
14.98,13.587268333333336
3.2,5.112146428571423
8.75,6.062525000000003
4.1,4.669916529581531
18.27,20.05742912489279
7.41,11.877941666666663
5.2,7.912892857142848
18.18,17.67556666666667
21.28,20.318358333333343
7.37,9.776680000000011
10.1,10.344516666666658
44.7,41.726699999999944
5.31,4.33235357142857
6.95,15.626811904761908
10.1,9.445977142857146
42.81,38.15529999999995
2.8,2.780758333333336
12.41,20.048199999999966
8.88,4.350068333333331
13.62,13.694762619047612
14.46,10.156899999999993
3.43,3.8815666666666653
14.53,13.822649999999992
20.76,21.29229999999999
15.6,14.927133333333344
16.49,16.034410714285727
29.31,13.245574841269834
10.8,8.719399999999997
4.9,5.054319285714287
23.2,20.838568452380937
13.57,12.641716666666671
4.23,3.7504200000000036
22.31,20.368306666666662
3.34,10.179750000000004
3.39,3.3254833333333362
25.7,15.25930000000001
1.8,1.6711999999999991
11.68,11.522984285714283
29.93,21.073847818072117
14.82,13.451491666666676
12.5,12.421771428571429
22.3,12.86327023809523
7.5,10.097966666666684
3.2,3.0461799999999988
27.58,20.34554523809524
13.8,9.032363809523817
6.64,7.54656666666666
12.77,13.526357142857139
19.3,17.241066666666658
45.5,18.32650000000002
4.39,4.835645238095242
49.18,50.01129999999999
5.03,4.657255000000002
14.01,13.896752500000002
12.83,7.299445
11.86,10.938233333333322
18.06,19.63709999999999
1.48,1.707999999999999
28.82,29.463863333333343
16.5,20.50152210084033
9.44,8.006376666666672
20.4,20.605847777777786
30.3,24.982400000000005
14.74,12.190066666666674
13.48,14.353396547619045
25.0,20.837613412698424
7.2,10.095258333333323
1.01,1.7456000000000012
24.1,22.501333333333324
34.05,33.680600000000005
9.0,16.71948333333335
18.17,22.121705926824987
18.18,15.51531380952381
17.86,26.728814285714307
18.43,19.082069999999998
6.92,9.328408838383838
19.33,26.174384150270516
5.19,8.918975238095241
27.3,32.98579999999998
10.36,8.452840000000004
43.25,4.746963333333331
0.85,6.503506666666666
13.7,13.18016666666668
8.25,7.077184999999998
10.06,9.42500000000002
30.8,25.972400000000015
10.51,8.364288928571437
3.37,2.6365938888888882
3.92,7.406058333333334
17.9,16.306200000000022
23.7,27.24630000000002
24.02,12.962935000000009
15.89,14.77795
0.71,0.6246251190476193
7.18,11.176458333333331
21.28,13.863279999999989
9.57,10.407799999999995
40.75,40.520819999999965
22.45,21.215933333333346
13.6,10.183049206349192
15.39,15.93454103174602
26.28,19.911199999999997
4.2,3.474199999999999
18.78,18.364566666666693
0.03,0.04486761904761905
18.18,17.42804007936509
27.43,24.368344277731612
18.2,14.23205999999999
23.53,22.34270555555556
15.47,19.94849333333334
18.18,18.17120444444446
0.04,0.017125000000000005
10.35,10.080908333333337
15.96,14.480776111111114
8.9,13.413192738095244
7.6,13.544400000000012
8.07,12.041387380952381
7.69,7.682500000000001
9.75,12.43697916666665
10.51,22.083149999999968
5.01,2.982650000000003
14.38,14.76518000000001
12.2,13.374693333333338
4.5,2.8752404761904797
21.79,24.553157595065805
6.6,4.947299999999996
6.29,20.768118333333337
11.0,11.54549999999999
15.21,13.317200000000016
5.23,5.0692083333333375
28.93,28.6622
28.23,25.230867865698606
14.4,10.29556166666667
33.53,31.43228999999998
19.42,41.02171999999999
23.02,21.612428333333334
13.5,12.790324523809524
16.68,21.407565357142857
19.2,15.534098809523796
24.22,23.46036666666669
14.35,30.862436071428586
0.01,0.11897365079365078
4.1,3.2063000000000033
52.03,31.07833571428574
12.27,11.422173333333328
18.89,18.69510416666669
52.51,40.16379999999998
56.14,47.11923333333332
7.21,12.081399999999991
21.86,22.16710000000001
44.4,45.663033333333296
26.88,22.121705926824987
0.12,0.09544166666666654
9.54,19.822216666666662
37.45,34.59421666666669
22.39,22.39298571428571
6.42,6.961650000000004
12.8,11.576608333333331
1.9,3.576599999999998
18.49,19.024916666666638
17.82,23.781654370767882
23.18,23.441900000000004
14.57,8.604053095238092
0.6,0.4776833333333338
11.87,10.086781666666663
4.66,7.225075000000007
23.7,22.948888333333343
17.59,22.1947883333333
4.3,5.154599999999996
11.5,12.51319999999999
26.52,24.268193368699045
3.8,2.3742
22.31,19.85226333333332
14.17,26.452766666666676
31.61,25.257454676157167
10.3,5.921045
5.16,9.248044999999996
9.04,13.677000000000016
9.9,11.840375000000002
6.14,11.47845
3.69,7.044236666666665
22.61,22.74844896825396
26.68,30.854583333333338
30.28,25.257454676157167
27.44,29.71996666666665
13.2,12.085733333333314
22.73,19.425519999999995
30.2,19.381139999999995
39.39,41.59757000000001
45.5,44.19019999999995
8.6,13.004323333333332
2.32,10.182926666666676
27.89,19.201733333333312
3.8,3.5675166666666707
22.33,26.369376190476178
6.35,6.340281666666664
6.33,5.907515000000002
12.53,9.557568333333334
12.6,12.22331
13.8,11.065933333333348
9.9,12.119875000000018
15.16,14.339024999999978
30.8,28.658299999999993
14.34,5.188519999999994
16.44,19.613981462772657
46.5,46.9873
22.4,22.63113
30.94,20.964915424676384
18.19,16.079908333333357
6.3,7.927158333333335
26.03,24.76239999999999
12.75,13.138813333333335
8.89,8.270851428571435
6.8,6.152730000000002
18.18,18.139900000000015
14.62,14.827111190476192
9.46,24.671567804556553
29.58,29.33120000000002
3.12,4.879067142857141
11.81,13.56509
5.78,6.042685000000002
15.46,19.80814333333334
8.0,3.5650416666666667
9.71,15.495333333333342
21.9,17.255629999999993
8.9,8.76617833333333
36.11,47.89990000000003
4.99,6.229900000000004
14.04,13.812875000000009
37.52,17.168769285714287
12.41,13.185118333333332
17.1,16.220266666666667
5.7,6.759823333333337
11.18,14.275295000000002
2.4,3.11565
19.3,19.676130555555545
24.18,20.73185000000002
15.15,41.90805809523811
17.32,16.8724275
27.46,26.955139999999993
4.02,7.608589999999998
12.65,11.618196666666666
38.3,39.86942666666667
3.2,4.649633333333336
11.02,10.42400523809525
11.03,9.329199999999991
9.92,9.189140000000004
10.4,9.442896666666664
11.19,10.786353333333341
25.03,16.435714332611834
18.5,13.073039285714277
9.1,7.866424999999985
5.7,4.675703333333332
30.08,21.662220518126528
27.42,24.309365000000007
25.32,22.974650000000008
12.98,12.645909523809522
10.84,11.597519999999992
35.04,34.809375000000024
12.33,32.053199999999975
4.92,4.7365499999999985
30.2,30.087299999999964
6.08,14.227560000000004
7.31,7.487483333333326
20.37,13.41803333333332
1.4,1.4126799999999995
38.02,19.705736666666645
7.55,9.08945
24.27,30.40930000000003
9.09,7.964141666666674
6.11,5.2217466666666645
19.06,18.14134523809525
6.9,4.032899999999995
0.24,0.12654999999999986
9.05,20.16958333333334
28.41,24.11846428571427
8.36,9.249732063492061
7.76,17.332403333333342
22.3,23.526399999999995
11.9,13.605753333333334
12.64,9.099874999999999
5.3,10.041953095238094
42.43,24.841800000000003
39.47,45.33760000000002
37.2,34.74300000000003
2.5,2.5501850000000026
5.17,8.669810000000009
12.5,8.213764285714298
23.3,25.36519999999998
11.2,10.821300000000008
3.47,3.218681666666667
8.01,8.729349999999998
9.72,9.433303333333338
17.1,18.66500835668066
5.4,3.217600000000004
23.37,22.88347999999999
19.89,21.662220518126528
16.76,14.131883333333354
4.36,6.6793
13.16,13.491967976190477
0.69,0.3249000000000005
19.71,31.12014272727273
10.35,4.120380000000001
10.93,12.126399999999995
20.44,21.031873077403475
22.46,23.823479523809528
16.0,14.104841666666665
10.9,11.431451666666673
23.3,22.055800000000012
20.0,17.741000000000025
5.47,5.427198333333333
3.64,6.548300000000004
25.5,22.87151238095238
5.37,3.058300000000001
20.76,18.994110000000013
15.3,16.74160000000001
31.34,33.61652500000003
31.9,25.82510000000002
7.52,10.244549999999997
4.81,6.212933333333332
18.19,17.861657142857155
22.31,21.042578809523796
25.2,22.936000000000003
13.56,12.979621428571427
16.29,35.658830534547185
12.78,12.08660809523809
19.48,14.365021666666646
30.27,31.551950000000016
0.1,0.13903063492063492
5.4,8.815666666666651
20.44,14.829466349206346
31.87,14.352442142857155
18.41,12.211815000000009
15.4,16.156230000000008
28.7,22.18658140081677
7.71,13.13089999999999
13.21,21.72902600751348
19.35,18.49284333333331
25.07,19.673433333333335
10.46,9.786026666666663
12.54,11.861566666666668
45.0,38.777399999999986
5.81,8.135654523809535
29.1,37.11110000000001
22.9,22.59420000000001
7.2,6.433415000000001
5.1,3.713286666666668
14.9,13.82853333333335
22.74,19.984183333333334
17.83,18.75368000000002
3.2,11.54397380952381
20.75,21.140648095238113
38.9,42.6581755952381
6.5,35.3332666666667
14.38,12.844579642857134
3.3,3.139005476190475
19.8,16.31628166666668
78.6,18.48186666666665
19.73,25.889924798290373
18.19,17.472
44.45,27.363316666666677
10.4,10.027816666666663
7.99,6.006930238095239
32.3,29.868216666666672
10.89,16.114258333333343
11.66,12.599143333333338
37.75,44.26639166666668
10.4,10.122658333333339
20.54,14.29443
15.0,13.256523809523808
23.2,21.270008333333326
18.2,17.073153333333337
0.11,0.0897972619047619
10.25,11.260380000000003
14.52,10.590933333333325
14.9,14.036941150793655
3.78,3.9237916666666695
0.01,0.14033333333333325
6.96,5.626151666666667
2.69,1.9138333333333333
17.41,18.070415007815107
29.95,25.15139518418471
14.31,16.940155000000008
7.82,8.442366666666665
10.93,8.470759047619048
26.1,24.80930000000003
27.65,32.84830000000003
22.3,21.32135666666667
11.16,11.781074999999978
9.94,17.013649999999988
0.57,0.6633142857142862
13.29,12.80814833333334
3.37,3.2881000000000027
12.87,13.103830000000002
18.2,17.807000000000013
20.88,20.976148809523803
29.78,23.87524999999999
8.68,7.022100000000003
19.7,16.06470000000002
36.61,43.84505000000001
20.77,17.20818333333332
3.36,7.429343333333332
13.1,12.569181428571428
30.4,24.376791666666676
38.81,22.113053627989594
8.1,7.278243333333337
8.49,12.943383333333347
13.8,13.622220000000002
2.1,3.732475000000002
10.12,10.14468452380952
6.17,5.983418809523808
18.19,17.36970833333333
7.7,7.83198333333333
12.46,11.227016666666664
6.0,5.562213333333327
4.65,4.81002
13.57,13.236404365079354
26.0,18.476599999999976
18.18,16.65616000000001
24.96,25.712774850778757
3.94,4.606821666666668
15.7,15.04670000000001
0.87,0.9990999999999989
11.5,15.449095
23.47,29.674231666666678
2.48,2.556158333333333
34.1,32.72778333333332
4.1,5.402766666666666
19.2,17.903818253968275
22.77,37.993099999999984
23.2,25.235899999999983
20.61,19.412075476190488
8.72,6.044541666666669
10.26,7.717200000000014
1.1,1.0449000000000004
3.8,8.62880666666667
15.15,10.76553333333334
5.23,8.30772666666667
10.61,10.7475
40.42,40.32573333333337
1.8,1.9716833333333355
46.1,40.684599999999975
15.08,14.64205166666666
15.4,13.682716666666671
37.2,36.300599999999974
23.31,24.058727460317467
15.7,14.968972222222202
20.43,18.55567333333333
12.08,41.07983333333335
37.19,22.963604252711885
17.82,17.01428000000002
26.03,20.046950000000002
0.05,0.059914880952380935
0.8,0.6592666666666667
0.01,5.631169999999998
17.0,17.531346190476196
8.1,6.695133333333335
6.41,6.430050714285714
4.81,5.427198333333333
46.73,38.75936666666669
20.53,12.080580000000003
14.35,6.229900000000004
17.86,17.885348412698388
7.45,25.03791333333332
19.3,18.16616166666668
7.7,12.837313333333334
0.41,0.8121999999999988
30.3,30.76090000000001
3.93,3.8290366666666658
3.87,7.120500000000009
18.5,11.260380000000003
1.88,2.1130999999999975
18.18,17.336580000000016
12.91,21.793328333333307
31.21,28.88140000000002
18.39,17.636183333333346
18.18,17.54467461760462
8.73,7.758650000000002
43.44,38.50086666666667
28.05,27.532480000000014
34.9,34.0642
21.8,13.230279999999992
16.49,18.779399999999992
18.79,17.754900000000017
40.1,38.515141666666665
8.4,14.00856714285714
5.33,4.513899999999997
5.4,4.787566666666667
9.4,13.862733333333322
47.28,47.419211666666634
19.32,38.46941460317462
3.96,6.6593416666666645
10.7,10.751700000000005
23.2,22.154666666666675
14.41,14.421273333333334
43.6,40.91255000000002
15.34,7.770766666666677
40.9,28.13900000000002
14.0,13.725658333333325
18.18,16.40480714285715
41.0,24.504100000000008
10.47,12.02307166666665
24.35,25.525600000000004
12.8,11.377153333333323
9.17,21.841845357142866
7.6,8.050166666666662
9.69,9.303266666666673
43.5,45.877099999999984
5.36,5.139100000000001
6.04,5.71742857142857
22.3,29.18630000000001
23.6,22.80794880952382
31.1,29.461483333333355
22.94,26.02056666666666
10.74,10.631099999999998
18.18,18.624107142857145
19.24,17.95877166666665
14.83,17.02474166666665
0.1,0.0966915342990342
4.6,6.23743952380952
22.3,19.926573492063493
7.45,16.585193333333347
20.08,18.08275083333334
17.55,15.969633333333336
5.61,8.72253333333334
1.0,5.136049999999996
0.2,0.18772666666666651
8.57,7.9317547619047675
9.9,13.208799999999991
4.8,9.287600000000005
3.69,3.7255999999999974
24.37,22.95810166666667
11.82,11.15149333333334
7.13,6.609625000000001
17.93,15.528199812409811
14.0,10.936285714285717
11.28,11.597519999999992
3.93,6.075400000000005
29.98,25.506716666666634
26.55,22.121705926824987
9.38,15.021502380952379
18.2,15.202610476190495
18.6,16.354642857142863
1.99,2.2839333333333314
4.1,2.907620000000003
4.77,8.58812222222223
14.25,27.12173333333333
1.8,1.89071666666667
0.49,0.5280849999999999
12.95,18.52931166666665
7.7,7.100933333333341
6.96,10.04116476190476
2.96,3.604690952380955
37.84,39.37789999999995
19.44,19.833933333333338
13.95,13.774042857142861
11.57,21.89006666666666
32.13,25.584567857142847
0.6,0.5154000000000003
9.59,24.62546770562772
30.36,29.314400000000013
4.45,4.131349999999995
14.25,11.742961666666666
11.1,11.995534999999997
54.1,35.084100000000014
11.6,11.736841666666667
42.22,43.69898333333332
7.1,20.982333333333322
22.3,19.908461666666657
17.24,21.98153903917978
4.7,4.134786666666667
5.31,4.21528
23.85,23.575492514104553
18.7,16.768366666666676
21.96,36.28299999999996
4.54,7.269980000000004
44.23,35.9332
7.0,6.458073333333333
6.71,6.6122421428571405
5.29,3.721209047619049
18.19,17.67881666666666
3.63,10.13364190476191
21.92,21.719333333333342
20.18,20.067059999999973
1.1,1.1739000000000015
0.49,2.654351071428571
32.25,30.528300000000048
37.8,38.421457142857186
40.29,40.333250000000056
12.71,13.993927500000007
0.1,0.05773499999999993
22.14,19.39674999999999
8.8,6.831900000000011
8.8,7.138100000000003
12.48,12.391173809523815
7.23,33.4347
2.31,2.376066666666664
3.26,3.3467983333333318
15.53,13.867785793650814
22.3,28.805800000000005
18.63,25.230867865698606
20.67,14.481870000000008
10.09,21.128085714285717
13.88,11.424592857142851
3.01,3.97741666666666
13.46,27.531700000000015
22.3,21.252358333333326
6.4,6.26708571428571
41.32,40.805583333333374
18.18,16.847399999999986
22.3,22.62016666666666
11.32,9.288274999999992
18.2,17.332084999999985
28.1,20.947000000000006
10.19,9.397999999999998
18.2,13.29646833333333
5.95,5.291041666666671
29.21,21.80186418288575
16.3,15.884359999999997
0.05,0.061160000000000006
0.15,1.78041
44.13,39.980975000000036
13.37,16.435714332611834
20.76,19.929766666666648
46.7,45.9143
43.6,43.21491333333335
27.21,21.093399999999992
3.48,3.629251832611831
17.73,25.42405833333335
3.6,2.855217857142856
29.7,28.018766666666657
13.94,13.920866904761898
8.8,12.79079833333333
30.9,28.756810714285734
1.32,1.0927599999999993
2.56,2.7298333333333296
21.89,14.085358333333351
5.11,4.682599999999996
15.64,9.662299999999986
6.1,6.719233333333342
22.02,14.029790000000006
14.0,6.0706666666666695
13.87,21.772338946173658
1.9,1.9449386904761885
0.17,0.17889999999999998
21.07,24.88531666666667
9.53,9.083763095238092
22.4,16.468663333333314
7.84,8.1433
13.96,13.378016666666666
26.28,23.217548257221143
22.32,18.72345357142857
16.0,18.358380000000015
23.07,18.302733333333332
26.9,24.52381666666668
15.11,13.224658333333341
13.27,17.475808333333333
6.15,6.295858333333335
13.95,13.552016666666661
11.43,9.43758333333334
0.14,0.07121333333333331
21.81,20.10859166666666
18.7,17.3152
27.95,18.66500835668066
22.52,22.35604428571428
34.31,28.90289499999998
27.28,24.359669999999984
16.12,18.916309801262493
6.6,5.789700000000003
0.7,2.6725499999999967
20.6,16.867966666666668
11.16,10.876034999999987
1.79,2.309299999999999
6.27,7.413700000000003
19.47,22.125846151994956
12.12,10.555215
20.1,19.1151
2.16,2.1745583333333314
18.76,34.49928499999999
19.49,17.29007499999999
2.94,3.3856166666666634
5.27,7.996353333333332
12.72,31.83559999999999
9.9,9.533116666666668
1.21,0.8976416666666666
0.41,0.753199999999999
17.8,17.578400000000006
10.0,8.552499999999991
6.86,6.7957571428571395
13.18,24.761916263888047
12.97,14.230888333333331
15.36,16.79510000000001
5.57,7.626340000000007
25.65,25.806699999999992
17.87,27.513703333333332
22.77,23.36669999999999
41.84,41.757299999999965
14.63,10.468616666666678
16.9,17.343891666666686
16.7,15.440406666666663
44.88,43.01743333333336
35.82,38.78479999999998
22.88,15.477617261904756
37.21,34.33636666666663
0.93,1.8135999999999972
33.09,34.17848353174605
19.88,27.20360904761904
4.58,5.961837777777777
10.7,9.979625000000006
9.9,7.0532400000000095
15.67,15.729615000000013
4.6,19.405030000000025
20.71,22.25854166666668
1.65,5.6281583333333325
21.67,17.950195079365084
22.3,19.101036666666673
3.1,5.263166666666669
35.0,31.988553333333343
11.32,10.367586666666659
0.05,0.2451066666666667
14.78,7.020164999999997
22.4,15.793660000000003
15.91,11.6685
11.85,21.081333333333337
26.98,16.3833
5.79,5.209849999999998
9.8,16.953776785714286
10.44,11.434448333333334
1.43,2.2700397619047634
10.18,9.901808333333335
24.4,22.5513
12.78,14.419592857142856
27.23,27.345285451371165
4.29,11.504666666666658
10.57,15.517599999999991
3.82,6.44444972222222
21.6,17.283949761904765
7.55,46.652799999999985
17.56,14.159503611111115
38.87,29.927490000000017
15.2,12.828708333333333
3.7,2.830558333333333
0.01,0.03849523809523806
0.11,0.5076157142857142
15.4,22.88644999999999
0.04,2.4793433333333343
22.3,19.532057619047606
12.57,14.9579
8.75,17.845799999999986
20.88,18.999203333333337
10.7,17.355115238095227
22.3,22.092338333333306
5.57,5.858173333333333
18.49,10.479643333333327
13.53,11.935183333333326
23.2,22.066390000000006
16.08,13.21591785714286
14.69,15.640556666666651
16.5,18.068600000000025
6.52,6.406093333333336
4.89,4.313199999999998
0.3,0.2832499999999996
0.02,1.0562999999999974
1.22,1.2752999999999985
13.52,13.463223333333344
3.57,3.353688333333331
6.12,5.784250000000003
20.76,18.936670476190464
25.43,22.287499999999994
6.0,14.67340000000001
14.3,13.252285714285732
25.7,38.94313833333333
16.85,41.57514876262625
7.3,6.554966666666657
17.33,15.20025
30.24,29.971449999999987
24.69,26.695519190531662
18.2,15.932291666666671
18.17,17.640396666666685
9.65,11.545420000000002
16.1,15.001567619047607
5.11,6.873066666666677
0.76,0.7546916666666664
24.35,29.05918095238097
14.88,15.73462476190478
8.76,7.738099999999999
2.8,18.50654166666665
5.89,11.035903333333328
46.26,30.110499999999984
14.9,9.641794761904755
23.26,23.335049999999995
12.03,9.713107539682541
23.3,22.61239
35.91,41.63705
18.59,15.88716666666666
7.9,10.050504999999996
10.55,11.64749999999999
18.6,18.264209999999988
16.7,19.36246697012138
9.09,6.2805666666666635
17.35,17.34489166666666
13.85,13.909698333333333
31.83,29.67661380952381
20.4,13.499066666666652
13.82,15.655986666666672
1.43,0.9480976190476197
28.36,8.917000000000012
20.91,18.88729178571428
2.97,3.738114999999999
22.3,21.589525000000013
10.57,4.347699999999998
11.91,17.333409999999994
19.62,26.94437302095413
38.56,30.542866666666658
11.02,7.8880250000000025
19.43,17.97521333333334
15.2,13.371099999999998
8.54,9.499146666666674
20.47,14.078967216117224
18.2,17.06754238095236
0.5,0.5807000000000001
13.9,10.97878333333334
5.92,3.926050000000001
9.65,9.999758095238095
21.43,24.892928333333344
8.6,11.123391666666665
12.3,15.521999999999998
2.0,2.650918333333334
16.18,16.727688333333337
12.09,12.290760000000008
1.34,0.6992733333333334
29.49,26.391849999999994
15.39,40.75059999999999
47.6,48.602733333333326
7.14,13.031220476190471
29.45,30.645599999999995
47.37,42.16326666666668
13.76,13.039056507936502
19.99,28.181947543290054
16.7,41.955966666666626
26.27,27.012080000000022
12.69,27.571799999999975
12.1,8.281183333333335
7.03,6.609625000000001
1.19,1.4749333333333334
22.3,19.464252380952377
0.6,0.6272849999999994
21.51,23.09544999999998
26.43,31.29236666666666
19.54,14.045638333333324
6.25,4.879320000000002
6.16,3.9103999999999974
0.78,0.7658000000000006
19.79,20.455299999999994
10.66,10.559578571428581
9.8,9.187850000000006
37.94,37.637700000000066
0.1,0.0467785714285714
38.6,40.27033452380956
18.18,17.584000000000014
16.84,25.60580289183039
15.12,22.106294387847097
11.19,15.203200000000013
14.11,13.378105000000003
11.26,15.150911666666673
2.58,2.700639999999998
9.94,9.278207500000004
5.62,9.128733333333333
28.68,21.122999999999987
11.91,24.009865000000023
5.13,25.42405833333335
34.4,34.18332499999999
9.1,18.169533333333344
9.08,4.917280476190481
2.94,3.0285678571428547
7.8,7.0965999999999925
4.6,1.7140333333333337
6.4,5.967674999999999
32.98,40.877119999999984
49.02,42.18829999999999
15.37,14.090416666666677
21.95,9.38533523809523
34.78,34.410999999999966
1.62,1.5468099999999985
11.0,12.411579285714284
39.55,18.156240119047627
8.99,7.909378571428572
3.02,4.09935
1.5,1.4889933333333338
9.1,8.945600000000004
19.7,14.809500000000007
12.43,28.727793333333363
39.2,35.85587500000001
5.64,4.448258333333336
12.09,10.311655833333338
8.3,9.686299999999994
10.84,9.749999999999986
51.94,38.270800000000015
6.3,20.30460625199018
24.09,23.327800000000007
25.17,21.718508333333308
11.11,7.093500000000003
18.19,18.031785317460333
5.59,5.973300000000002
3.8,3.546076666666664
18.53,14.884366666666674
34.2,38.1961
2.79,6.8135480952380885
13.58,9.180700000000009
25.36,17.296460000000017
9.66,8.94978666666667
2.35,1.990233333333334
7.57,14.750896831501827
0.47,0.71075
7.5,7.218099999999998
5.3,9.064299999999998
5.91,4.251100000000002
5.0,4.43594
0.01,2.8070592676767667
44.49,39.84189999999995
21.92,18.376951111111115
20.2,18.80340000000001
0.5,0.7364749999999992
9.36,12.896679999999998
15.16,13.94813333333334
5.82,10.430366666666673
22.3,23.719799999999992
15.12,14.12425285714287
54.65,50.86959999999999
19.97,13.519733333333333
40.2,39.45679999999999
24.09,23.962199999999985
3.27,4.0319000000000065
44.4,41.52713333333329
24.79,21.5205
4.2,4.209275000000003
25.2,23.20953999999999
12.05,22.755916666666682
36.04,40.99480857142858
15.2,13.460356666666666
2.12,2.4862333333333337
0.02,2.3429599999999997
2.28,1.9607683333333332
35.33,28.998800000000003
41.16,41.46330000000001
9.67,10.13364190476191
10.96,7.788527142857142
4.58,8.005627777777772
23.25,25.507075000000007
20.0,25.450730000000004
20.7,18.964577261904754
9.2,9.45862119047619
10.93,9.320109761904764
14.3,13.512349999999984
3.13,2.9174914285714295
6.65,6.593336666666662
6.6,10.989183333333326
35.31,35.90585999999998
27.32,27.73180000000001
15.82,15.44479174603175
11.23,10.642710000000006
30.3,29.772766666666648
15.26,14.828124999999993
28.03,25.538800000000005
22.3,17.129816428571424
21.0,18.03559999999999
18.63,19.199550158730165
12.92,15.834215000000002
3.49,2.6365938888888882
25.46,21.073847818072117
52.81,31.210359999999987
4.95,11.322661428571433
10.6,19.183071666666645
26.97,19.06804488650382
0.07,0.07056869529979823
23.1,23.083299999999994
12.8,9.962865476190482
18.42,18.17003833333333
29.5,17.4392
5.79,39.014700000000005
11.02,19.665399999999988
13.2,18.45626500000001
29.4,9.979224999999992
1.76,5.0783166666666695
8.2,6.137028178210678
28.56,20.6298897448385
22.3,20.83507666666665
4.38,5.1416999999999975
6.94,7.089867294372295
3.12,4.100049999999998
15.34,12.05375
11.33,14.352442142857155
7.67,10.342673333333325
24.16,25.047900000000006
4.4,7.65069999999999
20.76,17.692924285714287
20.38,34.6926328571429
32.29,38.52230000000006
20.46,20.749558333333326
10.39,11.194357142857148
43.61,44.28609999999999
14.08,10.274416666666674
15.15,12.332141666666665
19.23,16.27081
11.02,11.129840000000007
3.2,2.486356666666666
5.04,5.261709285714286
48.97,40.998900000000006
16.8,13.781399999999996
15.15,14.695809523809519
7.94,8.530013333333324
9.5,10.159833333333335
9.36,8.950624999999992
1.41,2.5220300000000004
44.0,31.19010000000002
24.2,22.10342583333334
15.23,18.651328020288886
5.61,5.956475000000003
33.86,34.03349999999996
13.95,13.671656190476188
21.79,29.48970000000002
47.84,44.54960000000001
13.22,27.335700000000028
8.39,8.467660000000002
20.83,10.889210000000007
21.9,33.73025000000002
12.43,12.153171666666653
13.33,12.114119999999998
25.49,25.48784999999999
20.77,23.084011904761905
22.1,23.27007333333334
9.0,15.86524666666668
8.59,7.4755999999999965
17.62,11.430624523809527
10.82,8.38497489177489
50.0,29.991099999999975
5.91,5.477291666666665
27.04,28.121199999999995
13.4,12.784894761904766
1.01,0.9702500000000006
19.97,22.483235476190476
45.1,39.97240000000002
1.57,2.8010733333333335
31.08,32.50700000000001
17.27,19.74442307600186
35.13,40.34890000000003
2.64,4.316399999999996
13.63,12.108433333333322
13.26,19.809844312346154
19.94,18.797977857142858
29.61,28.293666666666677
24.12,28.316605000000017
24.09,30.163600000000024
20.34,39.16898666666666
0.6,0.4956333333333338
0.09,0.11553809523809516
10.98,11.147438333333344
3.14,2.459720000000001
29.99,23.63445425022245
30.3,24.055899999999994
19.7,15.122413333333348
19.55,10.719599999999993
0.06,0.1083220238095238
34.7,31.888912500000007
5.52,4.759588333333332
18.7,22.514533333333333
12.85,17.55640309523811
9.7,23.928399999999982
23.13,22.893919166666663
17.92,17.178765714285728
18.18,15.86524666666668
9.45,10.351535064935065
4.4,3.018800000000001
2.1,2.3996000000000004
40.25,39.017699999999984
21.58,15.183699999999998
3.68,6.832651190476192
9.48,14.085349999999991
6.19,17.591678333333338
18.18,18.113641749639243
16.8,12.858725000000007
13.64,14.251758333333337
18.01,17.91978333333332
40.17,39.325874999999975
16.15,15.741228095238093
23.42,23.63579142857141
6.07,6.186453333333334
14.8,11.106300000000003
4.66,4.524608333333335
19.61,20.164873333333336
18.16,31.58139999999998
29.82,24.238500000000002
2.74,9.206804285714288
26.1,25.65164285714286
39.5,38.286953333333344
30.2,30.1894
14.6,11.008036785714294
4.33,3.3962999999999983
15.23,17.788654047619058
29.31,22.928949999999986
21.01,25.266314812260042
16.9,16.821700000000007
18.18,17.677303333333356
9.64,10.52022285714286
10.83,10.68939166666666
7.47,7.482126666666674
7.9,7.7293166666666755
2.46,2.4155766666666683
15.8,12.578816666666652
7.85,11.687433333333336
21.6,23.746000000000013
27.3,26.40529166666668
7.78,7.2977000000000025
26.9,24.686186666666668
2.51,4.360588333333326
3.7,3.434608333333331
16.11,15.000920000000006
9.2,12.845909999999996
7.98,5.430025
2.8,2.3395450000000007
19.0,11.910799999999986
7.01,11.298866666666656
18.18,18.655580000000032
8.8,10.784366666666664
15.38,21.619321666666675
7.27,8.13378166666667
0.1,0.05386999999999993
42.2,38.32129999999999
17.0,15.235690000000009
16.53,39.02495000000004
21.46,28.147704444444443
23.6,21.422666666666668
0.6,0.57988873015873
5.93,19.01493333333332
33.77,31.795645000000025
22.68,12.106399999999987
2.28,2.8865902380952395
13.95,13.166146666666675
26.43,26.401300000000028
6.89,4.727361666666668
31.42,23.237428448773443
3.1,3.065696666666666
10.8,9.124466666666669
9.6,22.44198444444447
7.3,4.919436190476189
22.34,14.524453333333316
38.4,42.278056666666664
8.5,10.317133333333327
0.1,0.10702749999999997
14.14,15.020792936507942
10.3,11.526349999999994
18.18,16.917615000000012
17.49,10.304433333333332
4.56,4.364099999999999
20.85,18.408184999999975
5.88,6.131620000000005
7.41,6.611538333333334
18.2,17.25906833333335
9.76,20.615599999999976
23.38,14.032099999999993
9.86,9.280824999999995
4.2,8.120946666666661
23.97,20.48253333333332
2.43,2.3512333333333304
8.5,10.469450000000005
2.81,6.551499999999992
28.25,36.487995714285695
23.46,18.472354122806998
18.18,12.818467380952375
22.27,22.865769999999998
5.51,5.374102651515152
0.09,0.08379666666666674
16.47,19.888798333333337
4.88,6.810456666666668
6.6,8.990033333333336
21.89,22.798707063492053
30.3,26.387050000000002
2.56,2.352841666666665
3.67,4.136600000000001
25.75,16.392039999999994
21.5,10.66079285714286
16.43,12.274397023809534
6.89,5.922967857142854
30.12,21.87465527551566
7.88,5.969991666666666
21.0,19.977898333333336
11.3,15.71574
15.33,17.720141443001435
31.6,22.406699999999997
9.0,9.007403253968253
32.76,22.939067468879152
12.9,17.354644999999987
5.7,5.605600000000001
1.4,1.3359333333333336
27.83,27.261929999999985
25.03,32.97657428571431
31.56,30.363800000000005
29.79,15.251587745857087
16.49,12.761918333333334
10.0,10.094944769119774
6.82,8.084536666666667
2.66,18.73739999999999
20.14,18.66080666666667
10.2,15.295725714285702
6.49,6.203032968975468
19.84,19.868963333333348
28.29,20.92290647838182
39.26,21.693800000000007
25.43,25.660259999999997
7.67,6.958406666666659
21.3,18.524450000000005
18.19,17.170603174603183
15.82,13.935885952380952
21.8,15.167081428571421
11.89,9.587942261904757
20.04,19.027007738095254
16.37,18.48529999999999
27.3,26.685133333333344
20.52,19.133014761904768
5.46,3.8760316666666723
30.66,30.159280714285707
1.37,3.930612619047622
0.1,2.593785292207792
15.71,17.99200000000003
4.4,4.623615000000002
5.57,9.986049999999995
19.88,8.45660000000001
19.66,18.80343333333333
29.9,24.91813333333331
17.21,14.037749999999994
18.2,15.74362
6.85,7.482600000000003
29.21,30.461599999999976
26.58,34.25276666666667
16.9,16.95665666666667
31.77,23.668216425884044
11.68,11.325246666666674
16.53,23.60540833333333
23.51,23.205299999999976
32.58,31.142752619047634
5.22,5.072634999999992
30.48,18.737699999999986
4.17,3.7504200000000036
7.2,5.9746559523809495
6.0,6.104085714285715
38.57,37.86849999999996
19.31,16.376496666666668
6.52,6.502633333333335
28.94,24.553157595065805
20.46,20.11180343676649
13.35,13.767849999999985
23.89,23.326169999999998
6.99,11.388600000000002
8.33,11.535866666666665
15.0,10.703023095238091
13.59,10.52947000000001
4.2,4.380622222222225
3.06,3.564600000000004
11.7,10.936646666666663
31.92,28.821299999999987
10.7,10.435338333333325
22.3,20.711988333333323
27.2,24.175140000000013
22.3,22.327351666666658
11.73,12.142808333333319
40.73,36.35508500000001
30.66,27.70733222222222
20.7,21.144738809523815
13.2,12.092299999999996
17.5,17.359260952380957
12.97,17.349670000000017
12.01,11.919716666666666
4.29,2.2723999999999993
9.21,6.312289523809528
31.99,39.83675000000002
24.3,21.25489999999999
5.2,9.541171428571417
36.3,32.91720000000002
10.15,11.46268333333335
21.24,21.4852
6.95,7.28534333333334
30.7,19.46505523809524
39.23,33.80262500000001
23.88,24.553157595065805
10.06,11.298069047619055
14.44,33.04635045454543
9.3,8.928519999999997
8.9,12.435533333333343
6.07,8.873174999999996
40.6,39.64699999999998
10.66,11.05720666666665
7.07,5.458483333333334
30.24,19.897550000000003
18.19,18.044918095238103
5.44,4.950856666666664
2.7,1.5933071428571437
11.75,11.381683333333331
31.08,28.521197163711314
8.1,3.8798000000000044
1.3,1.5309000000000006
7.89,6.245749999999999
10.96,15.566299999999982
24.9,23.486650238095258
5.12,5.131966666666666
41.2,21.26340166666668
31.95,28.021599999999992
9.9,11.46568999999999
12.41,10.961909880952383
3.77,10.860499999999993
13.19,9.63527976190477
4.6,3.8626399999999994
18.52,25.058699999999963
21.48,42.02244583333331
3.72,4.060374999999997
2.2,4.490899999999999
18.18,17.182019999999987
12.56,6.415353333333336
16.2,15.579617857142866
29.93,27.345285451371165
9.04,16.696199999999987
11.7,17.43509500000001
18.2,15.931096666666681
13.8,16.262949999999996
25.97,30.18524690476191
8.5,20.929433333333318
7.66,6.754248333333334
41.58,44.131678571428544
14.09,14.77999999999998
5.29,4.414849999999997
13.4,12.688805000000004
4.59,4.013833333333333
2.5,3.564350000000001
11.63,10.306033333333332
18.18,16.74791154761904
11.16,18.99536666666668
18.0,11.262050000000004
7.1,6.997699999999998
9.9,10.424939999999992
33.9,32.477503333333324
9.4,10.387274999999999
14.31,13.357900000000008
18.8,11.101200000000006
12.28,11.42738666666667
37.3,34.1884
6.17,5.6638800000000025
0.19,0.2128816666666668
16.65,14.109270000000006
16.37,15.236599999999974
17.3,17.010935198412692
53.74,38.050299999999986
7.0,5.984380000000004
15.1,15.693900000000015
13.45,25.984042380952395
10.5,11.014578571428572
7.52,13.729070000000002
5.7,11.492590000000012
2.9,3.0113233333333342
16.5,12.403633333333332
10.31,7.864573333333332
11.3,11.888499999999997
21.34,20.77943333333334
20.18,18.23652869047618
18.03,15.815702164502168
11.97,11.318499999999995
6.8,6.878599999999994
5.2,4.866100000000002
19.5,23.789374999999993
3.41,3.3854799999999985
12.1,18.245900000000013
14.09,12.965277619047608
19.05,20.11180343676649
11.78,10.416799999999999
29.62,32.34579999999996
4.2,7.56590000000001
10.2,9.845966666666673
7.06,11.034035000000003
15.41,27.513703333333332
5.6,5.426010952380952
7.6,13.52632404761905
17.95,15.697900000000002
10.7,21.493526666666703
2.81,2.729317299995758
46.83,45.25703333333332
4.37,4.824233333333329
0.37,0.3776999999999995
23.04,21.031873077403475
9.29,16.812589285714285
10.9,10.109516666666675
19.3,19.371758333333336
8.18,7.728303333333331
20.46,19.08862
4.7,6.728949999999994
3.65,3.2833023809523807
2.68,3.0852433333333353
18.18,17.92963166666668
0.01,3.9985999999999997
7.74,7.191139999999997
11.13,9.682491666666671
30.31,28.50503333333334
7.55,11.444028650793653
15.2,14.398716666666665
21.44,20.308291666666673
18.97,20.2446773929131
0.15,0.09746666666666648
4.3,7.304606580086584
24.1,22.711649999999995
9.77,9.265149999999993
18.2,19.377608333333313
10.93,5.985099999999991
11.35,8.84106666666667
2.74,2.6793740476190475
17.68,16.009575000000027
7.77,14.451789761904752
0.2,0.18421666666666667
7.34,8.356700000000007
0.12,0.1083220238095238
2.03,2.4223004761904754
27.22,20.92290647838182
17.77,11.728800000000003
1.71,1.355926666666667
20.08,18.389763809523796
3.99,2.7473800000000006
33.5,26.63739999999999
19.7,13.014900000000004
11.4,13.950100000000011
18.16,15.997105952380965
27.3,22.284499999999994
34.07,15.16066666666668
9.39,7.613574999999998
13.69,13.25995666666666
15.37,13.759441666666671
10.02,8.999790357142865
7.68,7.8250021428571515
8.72,20.83240000000002
5.2,8.005133333333344
14.85,42.80327499999999
15.61,20.80028333333332
3.16,4.8042
4.01,2.4223004761904754
12.83,9.983699999999992
15.2,14.932116666666682
3.92,3.3523999999999985
10.2,8.102379999999995
9.9,11.499332380952374
50.1,48.9504
7.4,7.284733333333334
7.67,10.928505000000007
18.2,17.68097833333335
9.32,18.536199999999987
18.2,18.69510416666669
6.52,7.481300000000001
57.92,56.50250333333334
7.42,6.234100000000009
12.94,13.032425000000014
11.8,16.253650000000015
32.89,16.63184999999999
19.2,17.59355833333332
0.13,0.088445
6.2,6.865809999999999
15.93,18.819247942612943
20.76,19.032679285714284
2.23,2.65280238095238
14.77,23.208290119047618
7.52,11.316878571428571
20.74,17.506483333333325
16.04,27.340570238095243
20.0,16.243900000000018
10.22,11.545420000000002
3.32,4.0319000000000065
9.2,8.590986666666673
1.08,0.9717666666666659
10.52,13.73251880952381
6.81,4.026221666666663
47.6,27.536699999999982
6.9,5.864833928571428
7.9,18.33349000000002
17.47,14.436740833333342
26.26,26.789384956709952
6.01,10.692349999999992
8.25,11.108645
5.41,3.65625
9.29,10.284966190476196
35.4,33.95215000000003
18.43,20.341013904761915
23.2,22.022003888888886
2.9,6.538524999999998
4.2,5.8120000000000065
20.2,18.918041666666646
10.71,11.71712166666667
22.4,20.271628235930738
6.59,7.079452579365079
22.97,20.138900000000007
1.7,3.3060011904761875
14.79,17.12906785714286
15.07,10.819739999999985
37.34,27.24868119047621
2.04,2.4573999999999994
5.2,6.194667857142856
4.89,3.5424266666666675
11.26,7.44
22.4,16.26830000000002
16.54,15.266466666666659
1.6,1.3747666666666674
30.57,27.83369999999999
5.08,7.767359285714284
4.26,10.758300000000002
40.9,28.873500000000007
18.51,16.487536666666667
1.1,1.2256566666666677
3.22,4.426799999999997
23.7,24.7190833333333
9.1,8.525376666666666
19.16,19.199550158730165
18.3,23.619233333333327
25.35,24.790999999999976
17.38,11.870760000000008
6.2,5.4095499999999985
14.02,20.01460611111111
6.9,10.476664285714294
18.61,16.816404999999985
40.1,37.11607380952379
1.79,3.879000000000001
13.52,13.598738095238103
26.84,28.32940166666664
5.75,3.8549000000000024
6.72,6.405434999999999
32.3,34.37019999999996
4.7,7.673999999999994
28.6,29.656599999999962
15.33,16.848658333333336
4.19,6.739499999999995
1.01,0.7472628571428566
6.1,5.716986666666668
17.6,18.67207999999998
0.1,0.34800000000000025
13.38,13.234646666666677
2.49,2.0634000000000006
5.83,8.170227380952376
11.57,14.176400000000012
22.9,22.132078095238093
8.37,13.14609976190476
3.04,2.9875950000000002
19.1,21.767600000000012
10.54,10.518566111111111
2.4,11.153914285714281
20.62,19.37087333333334
18.7,23.369500000000013
12.0,20.295899999999982
15.67,21.498826984126982
5.21,4.873521666666669
40.1,44.091066666666705
31.32,24.71084873376622
8.4,8.195985000000004
15.2,15.104509999999994
5.93,5.562789523809521
33.02,18.807691666666678
33.46,13.641993333333339
17.96,17.162884999999996
10.78,8.462461666666664
13.83,9.887458333333338
8.5,7.702100000000007
9.2,14.68029999999999
0.01,0.07377857142857136
10.41,10.168654285714288
10.4,15.945465000000006
10.1,7.993566666666676
0.19,0.12808333333333313
4.42,5.598566666666667
6.57,9.606559999999996
13.09,16.641995000000012
9.32,23.28324
1.52,1.5999966666666665
28.2,27.15816666666665
6.3,5.912553333333334
27.08,26.435311706349196
1.7,2.7727333333333295
12.6,12.525603333333338
16.82,13.781596666666683
23.86,19.567016666666692
15.55,14.295894047619033
23.86,21.98153903917978
18.2,17.34677000000002
33.12,28.964360000000035
24.49,14.892559999999987
10.76,11.169533333333328
16.1,17.430194999999983
24.3,25.833899999999986
35.22,37.277933333333365
26.59,23.349200000000007
12.76,33.8818708333333
3.73,3.588530238095239
21.68,22.473083333333303
25.71,18.15617499999999
20.57,21.920600000000004
3.84,3.963516666666669
17.6,15.416675000000003
23.0,22.383356666666693
26.61,23.14067
12.9,23.557619723901393
5.5,5.14462380952381
25.57,31.573978333333354
22.0,24.603999999999996
23.2,18.794246309523817
21.5,21.65642833333334
25.65,24.082599999999992
34.27,34.271976666666674
0.03,0.34970166666666663
11.77,11.181023333333336
12.45,11.870593809523793
30.71,33.328650000000046
19.35,13.675064642857139
5.64,10.889555952380942
13.32,9.42518333333334
19.09,15.891998571428552
8.52,8.23080000000001
18.6,10.308595714285705
30.02,27.345285451371165
8.73,13.384720119047618
11.0,20.143049999999995
9.47,9.377984126984124
18.97,18.335398928571447
32.77,33.08224333333331
27.3,18.042733333333352
15.57,13.447443333333336
5.01,4.425319999999999
5.7,4.6314833333333345
24.52,24.57843690476192
44.07,41.22977714285713
17.0,16.60013333333334
25.5,25.257454676157167
44.44,19.303317619047622
32.58,25.97709821428572
15.1,15.383977142857129
32.56,31.732388571428547
15.63,16.8724275
12.05,11.834350000000002
9.1,8.294250000000002
1.29,7.1086971428571415
23.23,23.42958666666665
9.6,6.682274999999997
2.31,2.4948499999999987
6.61,5.0956433333333395
31.68,24.50445964285715
15.0,12.63751666666667
26.34,30.04088333333333
21.0,19.926573492063493
23.55,23.41510833333332
1.59,1.829352380952383
46.2,44.36169999999999
23.81,38.773157777777804
7.79,8.400579999999993
23.2,19.47465000000001
9.81,10.237605000000002
45.72,36.14002000000002
6.7,6.207846666666668
0.01,0.06697000000000003
6.43,5.318949999999998
6.22,5.465110000000009
6.6,11.77512523809524
8.7,14.57260333333333
6.1,4.436
16.03,14.331425000000003
7.51,6.35058333333334
2.05,11.193900000000017
7.46,15.312340714285725
12.72,9.568150476190475
9.27,14.012466666666676
19.4,26.101278333333326
41.7,41.06484333333333
7.85,16.993116666666673
12.04,11.850997222222215
24.0,22.4217119047619
0.43,0.35156666666666675
20.76,20.854477142857146
20.77,14.481870000000008
11.03,12.16957
14.85,12.273103333333333
3.34,3.0011833333333326
21.89,21.296633333333315
9.59,9.228673095238099
8.29,11.853480317460315
48.21,47.84475000000001
9.2,7.49695833333333
10.17,15.390423333333315
3.99,6.514733333333332
18.19,17.754900000000017
6.06,5.491923333333333
30.4,30.530843333333337
4.4,4.0083833333333345
46.26,46.55974999999999
27.36,38.53374999999998
22.0,36.002699999999976
5.74,10.24089595238095
4.6,4.5201840476190505
6.46,5.936008333333335
21.74,21.05160000000002
3.7,3.400283333333333
44.5,32.7297666666667
30.4,24.91929999999999
19.8,17.610699999999998
25.73,27.240935555555563
9.69,9.87397666666667
31.27,30.264479166666657
13.35,22.12874166666669
14.21,20.59203679767385
8.85,7.1262333333333405
7.62,9.688893333333342
8.73,13.403610000000016
36.67,27.137934999999988
3.05,6.374746666666676
17.67,18.13853761904764
24.32,23.612578253968255
9.0,11.499332380952374
3.9,3.274610000000001
1.94,3.409260000000003
10.33,15.429310000000026
18.07,20.470265000000012
26.43,20.105499999999974
9.68,8.100236666666666
48.45,44.13879999999998
15.96,20.11244673640085
12.54,13.878594999999992
17.4,16.154033333333338
7.75,7.6270166666666634
18.93,24.183773533000654
31.54,30.34301666666668
9.1,9.404591746031745
11.25,10.118633333333335
11.52,9.503008333333337
6.05,4.854608333333335
22.3,12.651083333333329
0.1,0.22273499999999988
12.05,33.660565833333315
12.64,14.204600000000005
5.09,5.534355000000002
6.42,12.245266666666673
9.5,9.062000000000014
22.78,24.600049999999996
27.27,24.33536666666666
4.4,8.164680000000004
30.3,32.78300000000003
24.34,18.17019999999999
12.15,10.220425
5.88,5.921166666666667
6.5,6.597756818181814
18.2,17.15945833333335
15.46,17.296460000000017
3.64,7.471900000000002
3.4,9.061906666666669
11.15,11.578434999999997
14.49,14.327124999999981
16.95,18.66080666666667
9.21,9.196916904761897
11.1,19.031747619047607
5.3,5.104116666666667
9.4,21.771316666666692
38.99,39.19432833333332
4.21,7.895048333333331
17.01,16.283299999999993
6.8,7.577474999999992
37.17,37.12696666666663
11.16,10.030937929292936
3.3,3.3982000000000006
12.21,12.005499999999993
12.45,12.398616666666676
2.86,3.121083333333333
7.2,6.8488999999999995
8.19,16.585193333333347
11.83,9.965450000000002
11.06,11.251199992784988
0.15,0.9769433333333336
18.39,24.870669603174623
18.2,14.362150000000012
24.09,22.277985000000008
2.76,5.368900000000002
30.76,19.967976190476183
18.13,15.467663809523815
3.63,6.900860000000005
15.41,23.557619723901393
3.03,4.839626666666669
0.1,0.22273333333333337
15.24,12.32970380952381
22.3,22.739943333333336
9.08,6.943266666666672
32.91,39.01452190476191
24.48,19.418850000000027
46.21,47.87873333333332
5.0,4.259553333333336
22.3,18.842749999999995
9.1,5.363983333333335
47.07,44.099599999999974
4.18,9.85606
26.58,25.441298095238107
18.2,14.811304999999997
9.45,19.469345413277832
19.81,20.18490333333335
34.2,29.766100000000023
8.05,5.676757142857142
18.44,19.460086666666662
3.6,3.2659999999999973
11.9,12.130865833333335
14.58,11.432763333333334
9.7,9.42759333333333
9.81,11.609038333333338
13.05,30.70163266233765
46.42,27.0535114285714
44.1,39.167966666666665
27.6,26.499675000000003
13.77,24.72881163558417
17.19,13.93186666666666
9.3,6.088819999999996
7.3,9.390824999999998
58.43,30.340600000000006
48.16,48.52089999999998
5.84,5.271258095238095
46.05,28.02984166666665
10.38,9.189998769841274
4.0,4.657258044733045
26.52,18.670353333333352
9.18,9.974900000000002
10.2,10.247016666666665
38.37,33.21954666666667
16.7,12.521483333333322
9.0,9.5923
20.1,20.781495000000014
5.31,4.630900000000006
22.72,24.142513333333326
2.08,2.067899999999998
12.57,12.40110666666667
0.2,0.21429999999999974
6.06,5.643364999999999
7.94,6.906125000000004
2.7,2.3678933333333343
2.05,2.5867
0.03,0.34134999999999976
16.6,27.516200000000005
23.09,35.37090000000001
10.0,9.469966666666668
6.3,7.554449999999999
24.48,20.05742912489279
3.62,13.8326203968254
34.42,34.57100000000001
1.46,3.471499999999997
12.25,12.435500000000006
12.81,13.647450000000017
30.2,29.40599999999998
0.26,0.29533499999999935
11.2,11.901166666666672
5.48,7.3868200000000055
16.65,12.972400000000007
5.4,5.043233333333336
22.74,27.99453333333333
0.24,0.24705000000000013
10.4,14.247233701298699
0.07,0.05310666666666666
50.63,44.034290000000055
10.62,10.284700000000011
29.45,38.59617619047618
21.48,22.93128333333334
9.53,12.462500000000007
10.77,12.54081833333334
11.67,12.161324999999987
10.25,18.113354999999984
11.54,13.604149999999997
5.43,11.305986666666662
5.06,12.245780000000002
13.7,12.307571666666668
11.02,7.714766666666668
2.75,13.842116190476192
24.09,23.36080000000001
12.27,17.664900000000024
1.38,1.3056999999999979
42.52,37.56433333333336
18.2,18.680083333333354
13.95,11.58465833333334
18.18,15.37504563492064
10.04,7.267433333333344
47.52,42.28609999999995
14.0,11.856600000000016
33.24,23.72510000000001
18.2,18.139986666666665
29.2,27.23263333333333
2.73,3.8337000000000008
16.57,14.89964999999999
36.13,36.34956666666666
43.74,0.5288500000000005
12.8,12.775844999999999
11.77,8.955106666666671
33.35,24.873425714285712
18.55,20.377171455998813
31.57,21.24960401704391
12.85,10.68773333333333
28.25,27.65138333333331
22.94,28.621828571428576
10.39,19.349426666666655
20.77,20.347599999999982
13.33,12.880546904761905
34.65,34.840900000000026
14.0,11.49754166666667
23.51,21.876900000000006
16.4,15.23903166666667
32.84,29.31791793650796
1.3,1.6632333333333333
11.9,13.728399999999997
38.8,8.444231666666665
29.75,20.377171455998813
7.68,8.441869999999996
2.31,2.0802249999999987
11.6,12.225044285714292
3.11,6.971221489898991
8.52,8.623633333333332
11.4,20.376699999999985
8.34,13.941006666666667
0.03,0.48955500000000113
20.8,20.465393333333328
22.48,21.075253333333336
37.13,39.09370000000002
37.3,35.85200000000002
10.7,9.7407
17.57,15.693920000000013
32.39,25.72529333333332
48.1,41.90805809523811
3.52,37.11122309523813
6.79,6.152345714285714
12.44,12.301415000000002
10.33,9.65114166666667
9.1,8.495813571428567
7.83,11.895600000000002
22.41,26.94437302095413
26.32,25.492780000000018
2.95,2.8190666666666657
9.15,11.609400000000003
1.8,2.7457049999999996
27.5,25.125615000000003
42.12,43.18051333333336
12.45,10.954499999999994
5.86,4.509645714285715
6.09,5.573488690476195
2.06,1.968989999999999
26.1,26.242863805638795
3.9,1.7845499999999996
18.7,18.027760616883114
29.81,22.093979999999984
17.76,9.482316666666655
0.01,0.013374751082251083
11.92,26.133143333333333
38.71,27.43775071428572
0.7,1.9236019047619064
24.09,23.1971
4.03,8.982040000000007
17.3,17.75805833333335
10.89,16.198338333333332
5.44,5.101429999999994
2.64,2.5425002380952377
0.9,0.8825666666666665
30.04,23.525849999999977
9.8,9.990758333333334
9.56,9.457841666666665
0.09,2.641027857142861
17.58,16.1833
18.2,17.30299273809524
19.03,21.354259166666676
18.18,16.937840000000016
23.24,28.010373424908416
18.41,19.613010952380964
15.63,10.749684166666666
24.3,19.100949999999994
33.83,23.241601666666664
1.14,1.9722333333333326
17.83,15.063299999999991
20.76,20.975966666666658
40.31,39.21849999999999
20.35,22.79513833333335
19.3,22.98525833333333
13.96,8.331576190476191
9.65,15.95642333333333
20.92,12.404555000000007
7.99,12.82259166666666
15.7,14.247533333333326
20.06,15.534533333333338
45.71,46.295
38.2,39.988800000000026
6.7,7.154066666666671
4.4,4.087631666666662
16.29,14.554199999999994
10.61,10.094366666666652
8.83,7.026853333333336
10.97,13.455633333333333
12.1,16.904880000000006
2.6,4.274321666666666
22.3,21.78488357142857
43.51,27.096559999999975
10.79,9.49040444444443
28.37,27.01843999999999
22.88,22.399819285714287
2.12,4.277433333333335
28.01,26.130364126541654
21.3,22.29936
0.03,9.195848571428577
17.7,23.88449999999999
14.5,14.320916666666667
36.3,34.94333666666663
27.51,19.68944571428571
2.79,4.018909999999999
20.45,20.964915424676384
7.68,21.87140000000003
16.9,15.942899999999977
12.78,11.035916666666658
36.83,36.37011333333333
15.35,10.296799999999994
24.5,19.568151190476204
18.2,18.113360000000025
8.57,7.927150000000009
22.3,17.121778571428553
18.18,18.440696666666682
26.1,24.10920000000001
12.1,10.360543333333329
0.41,0.2629999999999998
26.24,28.694100000000027
11.7,12.114836666666669
20.65,19.68701547619049
37.78,37.712599999999995
26.14,37.83779166666667
0.04,16.281800000000015
17.9,16.3902909090909
20.1,12.804899999999998
11.65,17.826566666666672
17.0,11.783078333333345
42.9,43.15684999999997
19.2,14.254534999999999
3.67,3.7268499999999967
18.18,18.132385476190485
0.04,2.4244184199134198
8.2,8.224
1.74,4.221266666666664
37.1,30.651749999999996
5.1,4.577300000000002
19.0,14.278749999999997
36.85,34.340108333333355
17.91,16.850553333333355
8.72,16.587708333333335
8.46,7.365500000000009
19.0,15.688399999999994
11.15,9.882674999999992
9.3,8.39407
14.88,14.992925000000008
7.66,10.140899999999984
1.94,2.1051433333333334
10.9,12.850508333333337
7.9,17.129635000000004
5.91,6.298921666666671
11.3,7.397
37.44,38.79500000000002
22.19,19.781983333333343
4.99,7.117616666666656
11.99,10.249250000000007
9.2,7.15435000000001
22.06,16.558339642857135
10.17,28.48799785714282
26.14,23.6726411747549
29.8,22.113053627989594
4.3,4.139855000000001
18.2,18.632300000000015
13.3,16.525290000000005
9.26,16.542600000000014
17.6,31.425166666666684
45.0,44.79896666666664
22.71,16.12596250000001
16.05,23.584716666666683
20.0,13.942699999999986
30.3,21.05826966875051
12.67,10.039189999999994
5.09,7.128061309523807
18.19,17.590371666666666
8.7,17.331199999999978
45.26,48.65681666666664
19.51,18.9001442857143
19.73,17.446998095238083
11.49,10.33827166666667
0.3,0.40396666666666653
18.18,17.50744666666668
17.08,13.44901107142857
4.6,4.524840000000005
10.0,9.558549999999988
21.61,17.836399999999983
49.73,46.514149999999994
13.6,10.804399999999994
12.03,11.738233333333335
11.2,10.333825000000001
19.33,18.283768333333345
5.7,6.035199999999998
10.77,9.805174285714283
6.98,6.09550833333333
15.59,9.237588333333326
21.61,24.69179999999999
10.0,8.002120000000009
27.39,25.80802333333333
6.17,6.371566666666671
17.69,20.0190688131313
21.32,14.198133333333335
20.79,22.231125000000006
22.15,20.88818611111112
10.44,19.543799999999997
0.11,2.195
0.1,0.10894093267843274
4.13,38.511500000000034
25.04,15.123558333333309
7.61,7.593549999999998
2.6,3.6316100000000024
12.13,24.115783333333333
3.72,7.423376666666661
15.4,12.999518333333324
4.85,5.954525000000001
47.1,44.88110999999994
19.58,12.947824188311692
9.1,21.346049999999973
4.48,6.490399999999999
18.2,17.881482261904747
40.65,31.554145238095202
18.2,18.76371111111112
6.1,6.721555555555552
14.5,15.149666666666697
10.3,11.70428333333334
12.38,13.157726666666672
11.9,12.361640000000005
7.16,7.245474999999995
20.23,12.4784
4.41,6.327999999999999
45.68,42.293600000000005
15.9,12.332199999999995
18.19,22.720863333333323
8.9,9.274983333333322
18.4,17.688133333333333
0.16,0.2075152380952381
22.3,23.084011904761905
24.56,25.927563412749997
22.4,12.100100000000005
15.83,15.045642619047618
8.1,6.0155949999999985
3.51,4.351419999999999
2.36,2.357076666666667
22.82,24.396600000000003
39.85,41.19942015873012
36.8,35.18599999999997
36.77,32.258799999999994
48.19,42.704599999999985
10.96,21.52097
13.7,13.20600000000001
6.96,6.764233333333338
9.32,9.173199999999989
22.56,18.225036666666664
7.4,16.425733333333337
4.65,0.22554833333333327
35.89,28.373450000000027
5.3,4.282675000000002
15.02,13.434600000000023
2.88,3.666925000000004
22.4,18.675816666666677
9.41,10.088500000000003
10.9,7.3999000000000015
2.2,2.054983333333335
18.53,14.94675
13.8,9.71220000000001
29.03,25.901202222222217
16.11,10.234751666666659
19.7,13.686499999999988
16.92,15.997241666666666
17.41,16.592059523809514
7.41,4.527099999999995
20.55,18.448116666666696
34.88,23.458958560715004
16.58,15.462703333333332
23.1,23.342406666666683
11.4,11.140300000000002
19.17,16.505650000000003
4.86,4.137423333333334
6.9,4.483641666666666
2.2,2.1122500000000004
17.06,26.408503452380955
15.44,26.039241428571426
56.22,28.801233333333375
8.55,7.498175476190471
4.1,3.1770700000000005
31.05,28.56633261904761
21.93,18.25769999999999
27.13,29.581100000000006
18.6,19.275899999999996
6.4,6.966180000000003
8.52,13.763321666666668
10.67,10.037800000000008
36.78,38.14779999999998
3.89,11.73072000000002
16.95,18.752721666666684
19.88,22.755916666666682
11.53,16.12693333333333
10.0,3.0595991666666675
33.41,31.87840000000004
11.49,20.1904732983683
31.57,30.888253333333317
47.41,24.35259980158729
0.32,0.3265983333333333
26.62,24.227660000000004
31.06,24.268193368699045
18.95,23.504722045425655
22.3,23.000822619047625
38.98,24.825657142857143
28.46,26.80390000000001
18.07,23.373446666666656
34.97,35.239590000000014
34.16,21.635002380952386
4.2,5.078899999999999
0.78,1.0006583333333332
19.75,15.291266666666667
6.38,6.428399999999998
18.2,18.94545714285713
18.2,17.913156666666673
7.36,16.633831428571444
9.13,9.864299999999993
26.6,23.47168333333335
6.88,6.421089880952378
0.71,0.9574000000000004
1.24,1.320680000000001
22.98,12.52208333333331
6.88,11.523132619047617
18.77,18.986851666666695
19.5,18.966099999999997
10.06,9.858343333333334
10.19,10.087618333333332
5.88,5.619546666666666
11.6,12.24622
7.1,10.698483333333325
11.3,11.493033333333349
18.15,13.755450000000005
39.09,36.53553333333331
18.18,18.138816666666692
24.22,22.910275000000016
7.66,13.410086666666675
5.36,6.578175476190478
5.85,12.532066666666656
10.06,7.367559999999993
18.05,18.206999999999983
25.0,21.81460000000003
27.1,31.423199999999984
11.1,6.945429999999995
16.74,14.883066666666691
10.37,9.91351666666666
4.68,8.091399999999993
23.4,23.065566666666665
9.2,7.994651666666672
23.21,21.644424999999973
9.4,6.536383333333329
9.8,18.76920000000002
8.9,13.441875000000005
20.76,12.870966666666654
26.76,30.37011833333331
0.02,0.039931746031745964
5.5,4.170646666666668
12.01,23.45846666666668
0.8,0.874733888888889
22.46,13.231699999999991
1.34,2.134666666666669
18.2,15.940440000000013
14.97,14.62060714285716
30.84,27.71370000000003
29.27,19.386635317460318
23.85,24.495199999999976
43.2,40.24739999999996
31.82,32.125824999999985
1.5,1.361383333333334
9.9,10.110800000000005
17.1,16.93289666666668
23.6,24.073583333333335
21.6,10.170800000000014
18.2,17.533823333333352
11.24,10.116154999999997
9.0,6.958850000000002
20.6,22.533807142857135
22.14,24.761916263888047
9.09,17.726563333333345
15.21,10.428646666666681
12.67,20.1904732983683
19.9,19.22072119047617
21.46,16.095589999999987
11.71,9.06512499999999
24.3,22.07793333333334
8.0,8.169555714285712
13.11,15.976216666666662
1.29,1.9378333333333346
19.27,18.800933333333333
29.8,33.3783
2.13,3.5931000000000015
20.5,16.832000000000004
5.74,45.03952333333334
11.15,11.23181333333333
12.15,23.397070000000006
29.24,19.98470000000001
0.03,0.6364750000000002
17.74,18.90492000000001
15.2,26.880170000000017
31.9,30.1244
26.3,21.963381666666656
8.19,17.929399999999998
18.18,16.98124999999998
4.97,6.515529999999997
6.32,7.013016666666657
11.3,5.889244999999997
14.87,13.025120000000001
18.38,21.151200000000014
25.5,25.203999999999997
10.9,7.873900000000001
2.74,2.6842433333333364
3.6,6.658624999999996
2.92,6.099299999999997
6.34,6.74888999999999
14.05,11.780117976190475
17.65,18.622738333333313
0.1,0.06637499999999992
9.74,8.196699999999996
10.88,7.814166666666669
4.66,3.539800000000003
11.4,12.544356666666674
3.95,4.012486666666668
16.13,13.45314333333333
5.34,7.036946666666657
29.08,26.06885000000001
16.87,19.596132802789754
3.25,7.419749999999989
3.6,3.6242166666666686
11.3,5.902386666666661
24.59,22.60021666666665
11.25,13.21471666666666
2.68,2.683273333333334
18.18,17.518860714285726
7.63,7.321040555555548
23.44,18.819247942612943
23.64,16.99021333333332
4.5,6.470305000000004
10.6,10.066033333333344
7.61,8.133096666666667
17.2,15.000199999999976
29.69,33.68521809523806
18.2,16.8907
22.39,18.943182857142858
11.49,11.120529523809514
2.0,4.053869999999998
23.2,22.09857166666668
11.85,14.163299999999984
0.47,0.9875000000000012
19.66,30.733145833333328
26.75,23.612578253968255
17.8,16.91416
10.78,11.376150000000003
3.65,2.695858333333334
16.93,15.84379333333332
5.5,17.265022063492083
36.37,34.288055000000014
11.7,11.22888333333335
26.19,26.044746666666654
12.2,22.699299999999965
12.17,9.206551666666659
30.3,29.745033333333378
15.34,19.56329666666664
2.36,4.754681666666666
9.4,8.912406666666662
11.02,10.267350000000008
20.45,20.11180343676649
22.3,20.729633333333314
8.32,6.786028333333338
14.07,13.010339368686864
11.03,10.22012166666666
17.8,17.646019999999968
41.99,40.215600000000016
15.99,11.428000000000003
9.1,13.963366666666658
30.19,29.896129999999992
11.84,8.298700000000006
43.08,36.13732023809524
1.1,1.0789999999999988
22.16,14.30536571428572
26.67,21.984260497835518
6.28,6.718866800144301
19.69,21.965700000000002
42.5,34.84399999999999
14.01,13.96608119047618
10.4,13.41553999999999
10.16,9.434731666666668
30.82,30.99609999999997
15.34,20.53455830547763
18.2,17.881482261904747
43.07,42.28248000000001
10.8,10.524899999999992
5.07,5.6402000000000045
20.0,17.886147380952387
2.23,15.226826666666668
0.7,0.8371705555555562
0.13,9.551398333333328
14.21,13.933623809523802
10.5,15.514099999999994
4.69,5.323826666666667
13.96,13.622220000000002
31.92,27.21503333333336
18.18,18.02224333333334
39.4,32.15716333333332
14.96,17.66632994588745
39.99,38.446761666666674
4.74,7.8014166666666735
25.5,20.817866666666678
7.4,7.332933333333337
7.5,20.76245384920636
4.1,3.0413328571428555
51.44,49.13714999999999
23.36,30.9787333333333
20.58,20.580132619047607
23.42,22.87995238095239
2.0,1.968989999999999
3.59,3.9056520887445862
21.63,21.40734999999998
10.1,9.342095000000004
1.53,2.9939166666666694
18.6,16.39853523809523
39.9,37.161600000000014
4.21,4.058513333333335
22.3,18.292699999999986
14.0,12.018941666666672
7.19,6.311899999999998
19.0,16.236966666666653
0.06,0.08960119047619053
23.59,22.647500000000004
0.99,0.6934999999999999
8.0,7.1631329761904805
17.3,21.435761666666668
30.04,17.558366666666696
30.17,28.995499999999993
20.76,18.89009999999999
23.71,21.173213333333315
10.5,8.740751666666663
21.88,20.447974999999996
3.8,3.4148999999999994
15.0,19.156515000000017
14.93,13.856880000000022
23.2,19.005910119047613
16.86,11.275380000000007
49.5,45.93967158730161
11.52,12.805586666666663
20.14,24.337136428571384
10.46,19.16373714285715
10.45,9.320036666666677
38.25,17.469713333333328
20.9,18.141796428571418
26.34,19.393458852258846
18.18,17.971680000000013
10.93,7.7906869047619125
7.56,6.072833571428573
19.23,17.113669880952376
11.9,10.011962500000008
34.34,31.1946023809524
27.1,28.284100000000027
2.54,2.893908333333334
18.0,20.0190688131313
8.61,8.130265000000003
13.8,12.982757359307357
18.69,17.05166852258853
10.9,10.350816666666665
8.5,5.623318333333337
33.08,42.68119999999999
11.73,8.6182
6.43,6.034141666666666
12.59,8.318613333333339
12.5,9.77766928571428
3.02,2.987984126984129
30.8,21.72902600751348
12.2,20.542736666666666
4.96,4.846800000000005
6.89,6.717905555555552
6.37,6.5742384920634915
45.45,44.93993333333335
42.12,37.47039999999997
7.64,7.395360000000004
1.76,1.7134999999999982
3.11,3.1991133333333353
6.95,18.95124337301588
4.0,3.617100000000004
18.2,14.33191166666668
19.9,22.61995714285714
7.92,7.725440000000001
5.81,4.4993333333333325
22.97,11.329225000000001
14.13,13.473413333333333
20.54,23.096633333333347
11.15,8.41008333333333
32.19,30.614183333333326
17.9,15.677363333333346
16.71,15.299183333333353
0.09,0.12111753968253978
3.49,3.724650000000003
26.68,30.195300000000007
12.81,11.708816666666651
9.0,8.635678333333335
11.22,8.546900000000006
11.1,16.8753011904762
31.03,25.325383658820495
3.97,17.462199999999992
18.0,18.02120000000001
18.15,19.665219740259744
42.33,39.9700124603175
11.15,10.285300000000012
8.04,14.354141904761915
11.43,10.98948181818182
3.97,7.00059452380952
19.85,17.647999999999993
11.5,10.72430000000001
9.26,7.696395952380959
5.11,5.010333333333341
4.1,7.776533333333348
16.06,12.785684999999996
3.29,3.0698600000000003
22.55,31.57169999999996
2.78,3.1876000000000007
3.01,5.757471666666667
40.37,43.818900000000006
18.2,23.679258333333337
13.79,13.384590000000008
9.3,10.546158333333333
50.89,26.426733835809
4.59,7.441818571428574
11.2,7.2469866666666745
7.64,6.369973809523812
14.68,9.273805952380963
13.28,16.122581428571422
18.6,12.329299999999996
31.38,40.49216095238092
5.7,2.497300000000001
12.64,7.722516666666666
23.2,23.77964666666664
22.68,22.27111857142856
18.18,15.04058666666666
18.19,17.60769238095239
22.3,17.37421666666666
17.74,16.31522666666666
6.0,5.636598333333337
3.61,13.330705952380956
26.6,21.29349999999999
18.2,17.246863333333344
10.05,17.691548333333333
18.52,20.307658333333332
0.2,0.20013333333333322
5.62,6.917374999999998
17.08,11.008036785714294
12.2,11.259549999999992
36.45,36.665349999999954
34.98,35.81536000000004
11.1,13.867800000000003
13.24,23.319467497886095
12.84,6.0418592857142865
21.8,19.48464999999999
42.2,38.58995000000004
10.2,10.236595396825399
0.2,0.18364809523809528
0.28,0.3093066666666662
0.48,1.8500466666666646
20.76,17.394556666666677
8.66,17.540620000000004
2.07,2.137799999999998
13.67,13.047362380952391
0.53,0.39543333333333364
28.0,44.138316666666626
4.04,4.281556666666673
39.11,44.00779999999998
11.76,11.531693333333337
18.2,17.902046666666696
3.6,3.7455950000000047
14.2,11.138200000000014
7.76,7.219566666666659
22.3,20.874983333333333
41.5,37.88269999999997
3.64,26.737059982794964
33.6,31.469299999999993
3.1,3.3673250000000015
18.18,17.884630000000026
2.7,6.446115000000003
12.73,12.391173809523815
18.18,15.52274444444444
18.85,13.112800000000009
26.0,25.55001666666668
7.92,9.958400000000005
34.15,34.154399999999974
9.73,10.870761666666667
4.79,4.884086666666671
8.29,8.365133333333326
33.42,29.680683333333317
29.4,27.16869999999999
45.45,44.968124999999944
21.2,21.09349999999999
7.0,6.740775000000009
14.8,14.759543333333333
17.86,15.729266666666668
2.1,1.9906166666666698
18.19,15.692151666666678
19.5,26.28352588245089
0.03,0.1297199999999998
30.9,28.524299999999997
9.11,15.44233333333335
17.54,17.685849999999963
14.2,12.787056666666667
41.7,38.97354166666665
26.89,26.79008333333331
13.78,13.550118571428575
18.19,16.83149904761907
11.0,13.76930000000001
1.65,1.2062999999999986
33.4,27.338000000000008
8.52,7.460000000000005
6.9,6.810306666666674
22.8,26.51902999999999
39.26,33.562399999999954
54.88,37.7616833333333
18.38,12.76818333333332
13.12,12.464134999999999
13.24,9.76152333333333
6.6,10.550849999999993
10.04,15.665866666666666
13.48,17.871255000000005
0.02,0.020942857142857155
15.14,13.239716666666663
18.8,16.0398
6.0,5.846654166666668
15.87,14.480776111111114
19.84,18.110945317460324
22.3,18.962149999999976
57.59,19.6212
11.72,10.521231428571427
8.0,6.229979090909089
24.99,24.05808166666667
41.25,38.653673333333316
8.9,11.210899999999986
4.4,4.527816666666672
18.18,11.922867380952384
3.53,3.511366666666671
2.8,5.173813333333339
6.3,5.615685714285721
32.58,18.53001121640914
9.06,8.805187142857138
21.12,20.505719999999986
2.12,1.4517999999999995
10.49,8.081870555555556
29.8,29.823124999999994
0.7,3.5462833333333355
50.56,44.53551666666668
11.09,9.259856190476198
5.04,15.281999523809523
0.59,8.605074999999998
5.45,6.236749999999998
15.19,9.214160000000005
16.01,15.9819994047619
14.48,22.939067468879152
11.14,8.834894285714286
12.33,35.59940000000002
38.27,32.81620000000002
11.12,21.037089166666668
23.25,21.97562837020608
32.0,31.597000000000033
2.88,5.391625000000004
23.47,22.669874999999994
27.2,18.688800000000015
21.32,14.705589285714277
22.43,23.462790242674004
15.49,12.841666666666665
23.43,19.70671893120769
17.08,16.900008333333332
2.5,2.3871224999999994
41.06,40.13383333333332
44.75,46.486790000000035
9.4,23.886687738095226
22.52,22.473034999999992
0.2,0.1564416666666667
45.4,38.36843333333332
12.38,8.882120000000008
16.22,13.835760000000004
11.83,16.859450000000006
3.12,3.833873333333336
35.69,30.18354999999999
23.2,20.43293333333332
28.91,33.296790000000016
33.75,23.698800000000002
9.2,17.107000000000003
41.11,34.04044000000002
4.15,3.473481111111109
7.1,8.36325142857143
0.05,0.12588309523809524
3.4,5.938386666666668
0.21,0.164345
48.01,46.656068333333366
23.2,21.344619285714263
12.85,10.720700000000011
6.42,5.021441666666666
17.29,14.49372107142858
38.8,16.120773571428572
34.0,25.86456828643579
17.36,18.471700000000016
6.76,13.745000000000013
35.7,36.94382666666664
11.46,12.76199999999999
19.52,13.579799999999988
4.49,4.94846
18.81,16.14815595238094
27.02,26.86699999999999
1.38,4.306257380952383
43.6,42.93712500000001
19.51,18.499187301587323
28.1,39.84614952380949
28.49,34.21940000000001
17.99,18.833682857142875
23.7,19.014733333333314
20.6,12.544133333333328
6.39,7.380125000000009
22.64,16.13119666666667
37.59,33.856099999999984
11.12,14.390289523809535
20.85,11.87340666666667
2.87,2.2950099999999987
1.76,4.9139166666666645
3.42,3.2787400000000004
7.6,7.593658333333333
16.66,17.28232500000001
7.0,5.216506428571426
2.99,4.867413333333331
7.0,8.030166666666668
10.44,9.321889999999998
2.0,3.4145283333333327
7.94,15.136964999999986
16.24,15.12548333333334
3.62,3.5241749999999956
23.07,22.106294387847097
36.51,31.29191666666665
16.32,29.83977000000001
16.48,14.971095000000014
13.8,12.919353571428562
12.45,22.030199999999994
9.3,9.64298523809524
13.1,11.906653333333324
44.45,37.92460000000004
17.34,18.182857034632047
48.1,44.74559999999996
35.37,29.81913833333333
31.63,19.08700000000001
17.94,15.21471666666666
8.9,9.704060000000009
7.58,6.9795619047618995
15.42,13.746311428571426
14.9,24.705799999999975
22.55,21.115899999999982
8.23,20.59203679767385
15.52,14.341869047619046
17.1,9.70541714285714
10.35,9.39608357142857
11.18,13.257400000000013
10.8,9.350042500000004
18.1,17.13384904761905
1.2,1.1041833333333329
11.4,9.481519999999996
3.36,10.237605000000002
42.1,39.684941666666674
0.01,3.0209407392607375
10.53,40.21983571428568
5.55,7.758275000000001
25.57,11.726538095238086
10.4,9.52401666666667
7.06,4.545566666666669
49.88,43.68601000000003
14.6,21.92490833333337
10.1,10.054876082251088
46.39,42.68610000000002
24.32,24.205959999999983
13.5,13.363334285714288
6.8,7.90690666666667
10.82,10.484416666666668
25.64,36.60506000000003
17.1,16.580436666666664
14.3,14.86516666666668
12.77,8.866117857142855
6.35,6.504225555555559
18.47,41.5104
3.5,3.032102857142858
9.09,9.814166666666662
11.3,12.21132952380953
0.09,0.24959999999999977
5.6,7.532133333333331
10.75,11.070700000000004
23.14,23.553549999999984
16.41,21.67116547619045
3.9,3.9698999999999995
36.21,36.86649999999997
22.06,20.605847777777786
19.68,26.728814285714307
21.61,12.503524999999993
25.0,23.26564666666666
23.71,15.769172857142847
31.5,31.07078666666666
23.1,21.09633333333332
23.77,42.119620000000005
2.9,5.053133333333336
10.29,10.518566111111111
10.45,21.772338946173658
42.1,44.05863333333335
23.2,21.71733333333332
20.14,13.737378769841282
25.47,38.89253785714284
17.29,10.418874999999991
7.4,7.328958333333325
12.04,28.43209999999997
0.2,6.350643333333331
13.4,7.651633333333333
6.6,11.236355476190472
5.69,5.300431190476192
13.59,21.72902600751348
4.86,5.981009523809524
0.07,0.08463333333333325
7.34,8.73540000000001
17.53,14.838565000000015
6.26,34.63673999999998
18.55,18.16522642857144
7.1,11.247800000000007
11.97,18.365553333333345
5.84,4.785486666666665
12.06,21.73286666666666
38.26,23.895439568788007
26.81,26.292349746357058
12.57,9.93180000000001
8.14,10.761978614718615
3.46,4.093885714285712
6.1,6.328288888888893
33.84,22.79513833333335
11.15,10.87070000000001
26.83,26.33269833333333
7.05,7.628354285714279
21.5,21.63730500000002
22.1,19.898233333333337
0.53,1.2524000000000002
12.2,6.993176666666662
18.0,17.732750952380968
5.7,10.319933333333339
17.62,13.449464285714294
18.04,19.933166666666647
28.89,21.79304725857477
21.43,21.63001095238094
9.2,6.400153333333339
53.84,38.910061666666685
9.32,10.005850000000004
29.98,23.62908835564062
1.29,1.3795999999999997
22.3,13.449900000000008
8.37,11.288400000000001
17.82,23.036395000000017
19.41,20.14843166666666
19.14,22.097446190476184
13.4,11.93402142857143
34.5,27.851349047619046
7.6,12.005900000000002
0.11,0.1140357142857142
20.05,18.66500835668066
0.25,40.984100000000005
33.9,25.790599999999998
19.32,14.602223333333328
10.07,9.489836111111112
35.46,27.81829999999997
22.41,20.88567478928756
21.7,18.90076666666666
0.1,6.901707222222219
18.2,18.20000000000003
50.91,38.56419999999998
32.66,16.569149523809518
51.87,26.66389126984128
19.5,17.987416666666675
23.12,17.178203571428565
21.84,18.846812857142858
17.52,38.30947408730163
4.6,4.324691666666667
13.15,19.635604780974344
18.18,17.401025833333346
17.61,17.96916666666669
18.57,20.92290647838182
34.96,31.551199999999966
15.8,10.475550000000007
7.17,12.171396507936501
16.2,17.09597682539682
2.4,1.812638095238094
11.26,7.340208333333334
8.95,14.8084
2.5,1.5914633333333332
29.3,28.361999999999966
27.98,25.282960000000006
8.6,10.254316666666652
6.48,8.562626666666663
16.1,11.252456666666662
32.83,12.794666666666677
7.02,7.963144523809523
2.52,2.419883730158729
19.62,17.60769238095239
15.44,15.150911666666673
2.0,2.000089999999998
15.0,13.296188690476194
7.85,12.621218095238108
39.33,37.69589999999996
32.43,29.068036666666668
9.36,12.681899999999986
5.92,4.328693333333336
7.5,14.899193333333328
25.3,23.930699999999984
0.95,1.02235
40.8,38.95959999999999
45.45,40.291333333333334
10.14,10.15571166666668
3.38,3.5650000000000053
0.02,0.051813809523809484
19.12,21.89088333333332
14.9,25.319058333333356
7.48,4.740099999999998
13.71,12.986549999999996
23.6,23.993999999999993
24.72,23.403525
11.68,21.23613333333334
4.0,2.839000000000001
4.09,4.370453333333331
8.9,16.776372499999994
23.08,29.918909761904764
4.88,6.726679285714287
48.8,47.105001666666666
23.2,18.4829488095238
23.2,17.326900000000006
11.1,6.194616190476193
6.38,5.641211666666674
11.66,41.680600000000034
14.5,13.157933333333323
23.29,19.74442307600186
48.8,45.290100000000024
11.2,10.430366666666673
28.56,25.66849999999998
16.52,17.75805833333335
5.0,8.564346666666673
18.76,21.084252505806543
16.44,13.077993333333335
11.73,10.115499999999995
19.0,11.590480476190478
23.78,23.365966666666676
21.49,20.038142142857147
15.2,12.801110000000001
20.72,25.75434666666667
31.29,29.741083333333354
23.2,22.66859083333334
2.07,1.9232500000000017
9.47,9.012200000000002
16.2,16.59725833333334
42.5,36.60506000000003
1.49,1.7589999999999997
21.42,45.72016412698413
21.2,16.438766666666663
13.16,20.29595431096818
6.68,6.993850000000004
12.55,16.371305559163066
5.22,27.80543333333334
15.72,9.280379999999997
7.77,11.354531666666663
4.4,10.846285238095234
6.71,6.3426999999999945
19.4,17.017640000000014
32.2,21.58869999999999
1.66,1.4416181818181806
13.03,11.459761904761908
27.37,25.688033333333333
15.41,13.434600000000023
8.3,14.784735396825415
17.16,16.61504499999998
20.2,13.285379047619056
12.3,11.341520000000004
3.8,5.27635666666667
27.3,25.2868
49.6,49.3364
17.5,32.98970000000001
1.9,3.375550952380952
18.19,17.748177446442448
12.7,19.538200000000007
49.54,47.158716666666706
0.3,0.25250666666666677
1.32,1.2801533333333344
8.17,8.123066666666663
2.0,2.3192999999999997
29.3,28.015600000000042
6.87,6.081340000000007
0.09,0.35881999999999975
1.1,1.2235416666666652
24.23,22.787749408189843
43.0,41.4077
0.05,0.03306202380952382
13.12,20.870293333333343
6.2,5.814224999999998
18.18,17.85748083333334
12.42,24.35765238095238
45.0,41.87220000000008
20.6,20.72183666666665
9.7,23.551099999999987
17.3,15.176083333333331
45.3,48.1764
22.3,22.337574999999998
18.2,16.07007000000001
21.29,20.37483166666666
8.8,19.380352380952377
21.31,18.81886333333332
22.4,35.82209999999995
22.64,22.59406761904763
16.63,17.246300000000016
15.3,14.756948809523816
0.43,1.3039333333333332
5.2,4.4258916666666686
4.49,4.98523333333333
7.53,8.771099999999985
8.41,13.588125000000002
20.72,21.475971666666656
19.64,24.99580000000002
4.38,4.668430000000003
18.9,10.072135000000014
33.3,31.98980833333335
10.7,13.652133333333335
19.0,10.72256666666666
11.4,7.5905999999999985
17.57,15.668935714285713
11.9,8.696124999999993
12.35,15.194299999999984
6.24,5.198883333333336
6.3,6.340250000000008
3.34,5.044524999999998
14.9,12.960055000000002
11.69,11.545420000000002
8.15,13.822649999999992
9.1,8.376600000000002
16.34,16.66219999999998
15.03,15.461166666666667
10.2,12.379166666666663
26.06,12.021353333333332
6.2,6.10195
39.18,37.57130000000002
30.39,25.95677333333335
29.97,28.85640095238097
27.45,19.613981462772657
4.59,4.291901666666673
0.7,1.2490800000000015
3.58,9.299854999999996
12.0,12.8487
9.63,10.997846428571425
8.78,10.21484999999999
10.79,7.362294285714284
5.92,7.7409999999999926
26.99,24.368344277731612
3.04,5.234220000000001
10.7,7.074100000000013
17.0,10.41443333333332
22.3,16.205999999999996
24.11,25.87290000000001
20.7,12.173599999999995
13.31,11.910644523809522
7.86,17.098766666666673
7.92,7.117616666666656
3.45,2.9213254761904754
23.44,24.042499999999986
40.5,39.66602500000001
10.01,17.09445
28.7,26.118608333333327
9.51,6.128842857142855
14.33,13.321083809523817
24.9,25.108999999999988
13.24,10.435508333333345
7.04,14.106673333333333
11.6,10.246978333333331
3.38,2.535175000000002
20.5,14.668210000000006
38.19,39.03776666666666
16.54,21.037200000000002
7.75,7.46851666666667
17.08,20.11180343676649
10.12,9.812697499999999
13.96,14.94666666666666
22.3,21.626449999999977
16.84,18.113360000000025
7.64,4.858900000000003
21.81,17.64502642857144
0.01,0.038110938228438154
18.2,12.282685714285712
35.28,33.99989999999997
30.2,32.70319999999999
3.97,3.9706057142857163
3.5,3.40631726190476
19.54,8.499420476190476
7.55,6.710893333333336
15.0,2.5878309523809544
14.4,10.158049999999998
17.4,28.05371666666667
21.71,8.416972777777778
5.26,4.865961071428573
4.6,9.557850000000013
15.71,11.6685
24.04,22.238926666666657
1.0,5.389966666666673
7.58,4.503631666666663
8.02,21.921388333333343
45.3,42.68592428571428
18.18,17.857600000000016
7.9,9.171425000000003
8.1,14.332233333333338
15.62,11.367436666666668
16.6,24.72881163558417
24.4,25.40545796029354
34.91,32.08203333333335
17.44,17.688447142857143
14.13,16.811699999999995
8.1,10.342520476190476
18.18,11.2669
27.17,20.772439523809513
5.57,5.594735000000001
20.9,10.81562452380952
38.91,35.65459166666667
4.5,3.981799999999997
10.4,10.570499999999996
30.61,19.80591999999998
7.55,10.175333333333327
40.16,41.667900000000024
8.94,18.945936666666693
21.15,21.76359703844951
21.46,20.964915424676384
11.72,26.765783333333342
23.65,28.374300000000016
22.6,20.67106904761905
12.6,21.992133333333342
14.26,20.82365923160174
9.1,9.641108333333335
22.36,21.566916666666653
30.67,31.092707142857197
35.9,38.56927499999999
7.9,12.055667142857148
0.23,0.17889999999999998
4.38,4.291901666666673
17.94,16.005551904761894
17.9,17.5239380952381
18.0,13.952000000000012
18.2,17.095360039682536
20.91,13.030916666666666
17.08,14.684953333333338
26.3,40.289299999999976
0.7,0.6041666666666671
18.61,18.246619523809528
9.2,11.204761904761908
20.5,18.807900000000004
11.15,10.033849999999996
7.8,7.539483333333335
6.81,5.0956433333333395
2.12,1.9539649999999993
43.7,38.108200000000046
4.83,6.739735238095239
11.3,11.541049999999995
23.2,28.852200000000018
20.93,23.243949999999998
25.41,25.313482619047612
0.28,0.22076500000000024
9.8,8.418366666666664
24.0,20.890299999999993
19.81,20.364298412698417
10.03,9.464441666666664
45.21,32.06002083333329
26.83,24.546006666666678
16.07,19.74337333333334
28.24,29.77561666666666
30.8,31.010260000000034
45.44,43.024199999999944
12.2,11.850526666666651
4.8,7.631976666666662
7.28,8.552086666666673
22.4,19.786333333333353
34.58,42.12640000000003
53.22,7.159871904761904
4.6,9.441299999999998
12.93,10.416460000000013
24.09,25.525600000000004
1.31,1.718133333333335
37.5,29.084899999999994
34.5,33.97102333333335
1.75,3.2846466666666614
9.53,9.113746666666673
18.2,18.335398928571447
32.17,31.32699999999998
13.98,11.629566810966807
25.19,21.662220518126528
18.82,11.953899999999997
6.57,10.00835
25.44,26.961521666666666
24.09,27.438999999999993
28.96,16.22551666666668
14.94,10.791313333333349
6.26,6.390343571428575
4.72,8.061674999999992
18.11,17.789428333333337
18.29,17.999721666666677
5.32,4.826335000000004
21.0,21.369725000000003
7.17,7.31463333333333
23.71,23.615600000000008
17.28,10.217466666666668
18.41,17.53037333333334
25.97,26.30915166666666
7.2,12.761564285714288
13.79,13.55620333333334
0.03,0.3767499999999999
9.23,9.408267619047615
19.37,15.965566666666666
40.4,38.909050000000036
11.67,13.032425000000014
22.83,27.755016315620654
20.96,19.234590952380962
36.49,30.705166666666646
15.0,13.424649999999986
8.14,12.516399999999992
27.1,27.830299999999987
15.15,12.238716666666669
22.3,18.263516666666685
11.62,11.64749999999999
26.46,25.200942626262627
0.1,0.08150833333333335
10.06,10.247016666666665
0.14,0.4530916666666665
16.01,16.04450000000002
29.56,30.283304999999974
10.42,10.486113571428577
14.8,9.352188333333332
6.55,5.9446
16.2,16.508499999999973
20.79,22.92700111111112
42.4,38.64879999999999
8.29,6.764770436507936
10.15,9.117186904761908
22.25,21.987399999999983
2.89,4.511791666666667
14.12,13.473500000000003
18.2,15.800647857142867
9.98,18.87620000000002
17.08,15.082233333333342
8.23,7.160250000000011
17.11,16.73224904761906
13.4,12.05485833333333
5.06,4.790760000000001
3.13,3.637024285714291
27.0,24.370300000000007
27.79,29.324202380952375
12.2,11.893245238095238
7.5,7.824900000000009
4.2,9.878570000000007
13.7,13.85822
8.78,5.588241190476191
5.88,5.6436166666666665
22.95,26.458466785714293
23.0,16.974389523809524
35.92,32.9798
18.2,18.60379666666665
12.8,11.463905833333328
24.73,23.895439568788007
20.0,18.76920000000001
0.01,0.1182051587301587
27.08,24.268193368699045
24.12,22.322280000000006
0.01,2.8070592676767667
11.03,8.191030000000003
10.19,9.607904166666666
4.9,4.977399999999996
15.1,10.54823333333333
38.76,20.174833730158728
20.57,18.440341666666683
6.12,6.399611666666673
30.41,33.24660000000003
12.9,10.507499999999991
30.64,27.464958333333346
18.19,17.53259166666668
9.75,8.471166666666669
8.36,5.953993333333334
8.27,11.959598571428591
10.91,11.333145238095241
5.36,8.90099654761905
0.16,0.1738516666666667
34.03,35.30979999999997
9.35,9.197133333333321
22.9,22.717109999999998
14.61,12.271800000000015
1.95,2.3364900000000026
18.18,17.631449999999976
11.57,8.122466666666668
20.87,18.764554999999984
29.32,24.820715234454823
11.7,18.764100000000013
8.5,9.408267619047615
3.17,3.161418593073595
5.4,3.576363333333331
24.24,18.77294904761905
10.11,3.579375000000007
23.54,23.36251666666662
38.1,37.03320000000002
10.4,12.172989999999997
0.1,0.10194257964257951
41.84,33.55233666666668
30.2,31.570800000000006
5.2,5.5090628571428555
40.16,43.83387333333335
30.2,28.542112380952407
10.43,8.6939
5.87,4.969416666666663
41.4,41.79481499999998
7.02,9.120514285714284
12.28,23.503574999999987
18.5,17.79232666666667
10.5,10.469370000000003
6.71,6.676848809523807
13.02,9.733308571428577
16.66,19.63911039682542
8.29,7.274325000000012
22.4,22.404700000000002
7.16,9.662299999999986
7.43,7.416123333333332
7.73,8.514276666666671
4.81,14.681315000000009
19.09,17.006276428571432
5.29,4.9100750000000035
5.5,13.362600000000011
3.36,6.298921666666671
23.98,23.504722045425655
14.1,11.44209166666667
7.74,8.592810000000005
44.8,43.37715000000001
16.6,15.417466666666664
20.6,21.716899999999992
5.5,3.834049999999998
22.98,24.84958928571432
51.16,47.579299999999996
20.8,32.651375
15.01,15.99284452380952
19.82,21.47190880952381
28.99,23.831600000000027
5.9,10.18096666666667
19.27,18.681889166666668
10.7,11.87465
5.71,10.754784523809526
16.3,16.279839999999982
26.02,23.622783333333338
23.27,19.931833333333344
10.53,11.444509365079366
10.0,20.887799999999988
7.43,7.939899999999994
43.72,29.505921666666655
0.3,0.6561916666666673
6.2,5.377766666666664
4.5,4.929039999999993
10.18,11.880513492063502
13.18,27.860353333333347
12.2,17.271684999999994
11.3,11.310950000000009
30.76,30.392008333333322
2.77,2.744133333333334
14.32,20.253260949257523
3.38,3.1804900000000003
9.19,15.220300000000018
4.0,2.457823333333336
12.8,10.268314999999998
16.61,15.254267380952397
14.46,13.962299999999992
11.69,13.635965
18.71,15.783005000000003
4.81,4.790760000000001
21.52,24.50445964285715
40.13,16.673800000000014
11.5,11.198090000000006
17.14,27.060775000000003
10.89,8.663141666666663
18.53,15.653143333333334
50.51,34.10189999999997
8.4,7.921336666666678
22.3,22.714711428571437
4.44,6.209050000000001
41.8,47.551299999999955
10.08,9.295080000000008
12.25,17.823761190476183
20.1,19.101036666666673
14.92,13.245574841269834
30.88,21.844622554335196
12.59,13.940578809523807
10.58,15.232515714285714
29.0,27.9009666666667
0.1,0.6110433333333328
2.3,3.0328285714285705
0.83,0.8019999999999989
0.36,0.24818976190476189
11.14,22.323499999999996
16.09,14.41245238095238
13.58,12.123591666666664
26.35,26.210125000000016
0.02,12.221736666666668
14.83,15.549249523809529
19.26,48.79119999999999
37.08,35.19184000000001
20.1,20.92290647838182
10.17,12.448700000000006
3.19,6.705503333333339
15.75,23.401165958512603
12.32,11.007633333333326
4.27,4.3152500000000025
0.83,2.7094421428571422
10.14,19.049699999999984
2.63,12.96023380952381
8.78,10.479100000000003
12.5,11.762551666666662
12.34,10.272993333333345
28.07,27.032073333333347
7.0,6.3621183333333216
6.22,10.84312238095238
7.67,7.759641666666669
18.6,27.540900000000008
18.27,17.644300000000012
21.94,18.468999999999987
38.7,37.45929999999998
4.6,8.203759999999994
38.97,28.14663999999998
25.83,18.95725
18.52,19.099352380952368
4.97,5.213907222222218
6.9,6.917855714285715
23.2,21.82433333333333
25.3,27.389635000000016
24.4,23.607350000000032
11.0,10.26176666666668
44.8,24.32919999999998
10.1,7.209016666666677
9.0,9.006600000000008
10.1,10.14468452380952
2.77,2.380000000000004
0.06,0.04929559523809522
23.1,23.342406666666683
3.13,2.582996666666666
21.68,30.930416666666673
14.57,22.011735613275608
24.3,22.35176904761902
46.33,44.332999999999984
23.28,8.013834523809523
38.41,35.31421666666666
18.36,16.532497142857146
18.2,15.067799999999998
14.43,13.790783333333334
8.6,14.10407444444444
13.53,9.373570000000012
29.91,28.606309999999986
10.85,6.9416166666666665
12.59,23.240799999999993
23.0,31.571899999999992
7.09,8.024519999999994
22.0,22.99525000000002
42.1,37.98220000000003
15.58,22.23516666666667
18.7,22.397850000000034
6.71,6.399611666666673
16.43,15.026443333333344
0.4,0.35202500000000003
4.1,6.072833571428573
24.21,27.44223190476193
17.69,17.603924166666644
14.05,12.312049285714284
31.74,21.695580924414234
12.5,16.31958
17.4,14.449793571428568
22.55,11.89199333333334
7.75,6.943654761904765
15.5,14.54514682539682
15.5,10.76569999999999
7.5,6.8584000000000005
7.54,31.827800000000014
3.9,5.379266666666663
6.17,18.660054999999986
20.32,29.838826666666677
7.56,14.796400000000004
18.18,14.20401773809524
44.71,44.62581499999998
10.85,21.767247499999993
23.3,21.415866666666673
22.55,15.555409523809528
11.67,11.38717
1.14,2.899503333333332
13.52,13.04816666666668
13.25,14.023658333333334
14.71,13.837900000000001
13.95,9.954100000000007
14.0,10.492524999999995
21.65,18.26971833333334
14.51,13.702283333333334
22.96,19.426608333333327
39.4,28.415700000000005
8.08,7.4200333333333335
24.59,20.98837285714285
23.83,24.834
35.47,30.236866666666682
6.65,29.672453333333337
41.08,36.993525
18.2,19.982896666666658
11.0,12.79089
5.86,5.3284449999999985
15.31,13.016985000000009
39.57,34.90154999999999
0.1,0.08463333333333325
16.16,22.1527
11.3,30.77820916666662
7.34,7.682500000000001
4.1,7.532583333333338
8.59,7.742608333333342
41.53,41.24907499999999
22.9,23.634439999999987
11.8,22.206250000000033
17.13,15.33658476190476
11.5,8.314100000000003
7.5,9.612900000000002
0.65,1.1232333333333337
24.25,12.674723333333338
20.41,16.39569999999999
53.21,27.860353333333347
16.9,15.483587619047624
3.76,6.234100000000009
10.58,22.63593666666669
20.3,19.567026666666663
39.68,39.599875
17.98,13.949133333333325
18.2,18.790403333333344
5.87,5.898244999999999
4.46,10.954499999999994
6.66,6.607576666666663
4.38,7.731600000000002
1.1,1.3215000000000012
4.68,3.9101488095238097
18.18,18.15997309523811
6.75,10.872961666666674
7.39,6.951249523809524
8.5,7.292723809523812
0.3,0.6186916666666665
1.08,1.0109666666666677
2.62,3.349486666666665
22.4,20.624700000000022
16.25,12.78669952380952
10.5,8.666971666666669
22.9,20.292333333333314
20.0,18.14723333333333
9.0,8.214134999999999
4.09,12.474500000000003
18.18,15.298419999999982
4.0,3.9200999999999984
7.83,14.124991666666673
11.15,10.094366666666652
3.72,3.483040000000003
6.05,4.937053333333335
10.0,8.17702
33.71,25.642399999999988
0.13,0.0883433333333332
47.39,31.072274170274177
13.3,13.575500000000009
55.99,40.94619999999998
26.57,21.80186418288575
20.0,17.52139999999999
15.9,13.546920000000005
21.68,23.188333333333304
15.48,16.830145714285706
2.58,3.74035
17.47,21.788585000000012
6.04,5.53142416666667
15.6,15.240380000000009
3.56,7.18655666666667
2.68,2.728392380952382
2.5,8.745091666666665
5.73,6.369166666666673
24.33,25.476345833333344
6.54,15.344464285714308
12.45,25.285046190476194
18.25,17.516749999999995
23.2,12.802799999999975
26.12,13.042657619047613
18.2,18.20000000000003
5.7,5.493041666666669
13.13,13.234790000000018
33.6,31.413300000000053
11.3,11.737033333333324
7.11,5.605300000000007
6.8,4.40992952380952
31.91,24.368344277731612
12.1,11.448776666666665
7.0,6.736616666666658
14.27,10.282299999999996
2.05,1.8639833333333338
11.9,18.845107222222218
12.0,11.307623809523811
6.07,5.3542416666666615
9.42,9.263585000000017
0.61,0.5370666666666658
11.64,17.969074999999997
22.3,18.368699999999993
8.06,8.407450000000003
9.3,14.332046666666665
18.2,6.301432619047619
10.3,10.031446666666673
14.87,10.435508333333345
9.92,9.876918333333336
27.22,17.448501955266956
49.64,48.15
21.78,15.908985714285707
19.5,11.632500000000002
5.06,11.028540000000005
40.16,40.24099999999996
36.26,33.66059999999994
11.33,12.349911904761905
27.46,22.452984642857146
4.41,4.820486666666669
30.31,30.83250000000003
0.39,0.30522000000000005
18.2,15.705977499999983
12.95,24.01535000000001
4.1,4.257840000000001
21.15,19.261766666666652
14.0,9.978735000000002
3.0,4.005120000000002
22.36,22.134449999999998
22.3,20.969980000000014
13.92,25.807483333333334
34.08,30.358241666666675
14.71,16.124901666666666
10.0,12.034700000000004
32.46,27.325600000000012
5.3,4.396472380952385
13.6,12.946266666666663
12.34,7.7750859523809615
20.54,16.62364571428571
13.86,11.329899999999999
12.05,22.179100000000002
2.5,3.2338
1.0,0.707100000000001
7.8,3.2578809523809498
6.69,5.295433095238095
10.74,9.728518452380946
5.2,6.542450000000001
21.6,23.697650000000003
16.86,17.124878333333353
7.5,7.639823333333327
0.1,0.09932833333333337
22.48,33.22490000000002
1.07,0.2797000000000004
1.28,3.8420499999999986
16.36,16.277120000000014
21.5,23.430839999999993
2.31,4.721646666666671
38.7,40.8641083333333
4.8,4.653448333333335
0.16,0.11192671356421359
6.86,6.11135880952381
38.86,19.74442307600186
3.04,2.603667857142854
34.0,26.332260000000005
7.0,6.8255716666666695
38.45,39.26660000000002
5.7,10.405466666666657
9.1,9.518266666666674
13.07,17.52967619047618
39.0,38.47617500000003
25.02,22.573575000000027
25.94,19.80142503968253
13.04,19.012675000000023
3.11,6.2501869047619065
18.18,17.793206666666695
30.2,28.856399999999987
54.72,53.919200000000004
6.5,6.893999999999998
4.1,4.103733333333335
15.51,13.895900000000015
23.91,13.334150000000001
4.25,3.3763585714285727
11.06,7.595886666666663
39.2,40.821568571428564
32.85,28.960200000000004
26.86,26.385943333333344
16.2,13.202388333333351
8.74,4.917280476190481
28.04,18.66500835668066
12.47,13.778025
34.8,29.56239999999998
0.7,0.6246251190476193
19.29,25.40545796029354
26.41,20.72771666666665
6.05,14.799197857142858
9.04,7.562184761904767
20.76,25.552799999999984
13.12,10.491191666666658
9.2,20.19585333333333
18.7,17.372199112554117
32.41,30.545100000000012
9.1,6.681500000000002
13.41,11.361196666666656
2.79,3.9154690476190486
13.09,8.90648166666667
22.34,44.42210000000001
1.13,1.0916000000000008
23.0,23.660549999999972
11.24,11.565883333333339
11.48,12.599143333333338
6.4,7.02461666666667
3.4,3.9136866666666688
6.9,10.236265952380949
3.05,5.359968333333336
47.04,49.038099999999986
5.3,7.391969999999998
20.0,12.65650666666667
3.83,3.3364500000000006
17.59,31.07833571428574
1.19,2.1370999999999967
7.3,4.732963333333336
28.5,15.389993333333337
15.16,25.58444999999998
14.62,14.813488095238108
1.47,3.2182833333333316
21.23,15.734747619047617
10.84,20.15295666666666
7.01,19.31621666666667
17.15,14.714278333333336
12.91,13.552219999999998
17.84,17.782111666666687
38.63,23.19663964424464
12.56,25.519819999999985
5.5,5.43612333333333
15.26,14.750674999999978
11.3,9.71015833333333
25.1,23.63579142857141
6.82,6.839438214285712
14.84,23.396279642857138
7.17,18.525814761904776
6.72,5.898244999999999
28.22,27.024599999999985
14.34,24.957861666666666
24.24,21.873800000000006
11.73,10.014040000000001
1.16,0.6037766666666662
2.43,4.156000000000005
18.2,18.192703333333352
10.49,10.84358666666666
13.8,10.96906666666667
10.17,11.86962166666667
22.88,28.1063103174603
2.1,2.035446666666665
28.15,19.729302316849815
11.24,8.969887499999992
12.97,9.43758333333334
21.52,26.43433333333331
22.3,22.001458333333318
19.58,26.215108333333333
0.1,0.08490000000000003
5.02,4.932613333333331
5.4,5.241169999999999
11.29,10.553619999999999
14.89,13.968375000000016
37.84,32.09624499999997
13.4,10.626199999999999
17.6,14.636606666666676
33.57,24.761916263888047
47.46,41.2839
8.9,9.460743333333332
4.46,7.964141666666674
6.23,5.99421571428571
16.65,34.6926328571429
11.7,11.000291666666664
2.4,13.165691666666655
40.5,37.10380000000001
28.26,24.544398835347696
41.3,39.717399999999955
23.84,17.22913347041847
26.1,18.642799999999998
32.11,26.116053333333333
34.08,28.878789999999984
16.79,15.809785
7.7,7.982894999999998
12.79,20.526949999999996
10.56,10.815260000000006
17.33,14.94250000000001
18.0,28.64451507936512
18.07,20.56773999999998
7.64,9.188109999999993
18.2,17.42783333333332
41.4,37.423500000000004
38.83,31.269763333333316
13.65,10.593698333333332
14.06,9.988951666666656
14.95,16.39755333333332
7.2,10.119010000000005
22.3,24.162940000000006
42.89,32.18195666666668
16.43,14.744857777777764
14.3,11.03268333333332
6.18,4.419199999999995
13.38,11.36630000000001
5.36,9.49806666666667
9.27,8.267333888888892
10.7,9.456068333333338
4.54,3.9002100000000035
3.71,3.400167619047614
22.86,34.51599512348762
11.4,9.8086
6.41,13.634511666666658
36.36,39.075500000000005
22.31,21.452056666666667
33.9,32.27217666666665
13.77,11.463905833333328
14.11,7.6650500000000035
26.66,23.02983333333332
44.74,36.45474999999997
9.38,11.432665000000002
2.91,4.4889683333333315
1.8,1.648866666666665
2.83,2.9584516666666696
3.84,3.6670333333333303
11.21,11.169533333333328
4.83,8.44754261904761
23.05,23.50355333333334
24.75,30.622066666666697
22.49,20.88679999999999
18.18,17.737900000000018
16.1,16.134018333333334
28.79,24.349449999999994
1.3,19.366247619047602
20.3,23.82455833333332
20.49,19.605800000000023
8.3,8.435999999999993
42.9,39.29319999999998
31.86,32.53131666666668
7.15,6.978699999999998
17.0,15.894751666666671
13.46,17.0287
12.4,9.873800000000003
10.62,8.608155000000014
1.0,4.85891
20.48,11.792580000000005
10.3,6.6372200000000054
7.1,5.475593571428568
12.58,21.30089999999999
36.78,34.17190000000001
37.07,37.21361666666669
3.1,4.821700000000004
9.9,9.774836666666666
2.62,2.683273333333334
25.5,16.047974999999997
6.98,6.965803809523806
10.39,10.596977857142855
22.83,23.504722045425655
21.08,13.623816666666663
12.39,18.070415007815107
16.24,11.741308333333334
9.7,11.13489333333333
9.29,4.42301166666667
18.2,16.647809285714303
6.51,8.393300000000009
5.21,3.3864095238095215
17.3,15.57213333333333
8.35,12.428300000000013
1.51,1.5491321428571434
19.31,17.719850000000015
9.69,11.424459999999996
9.31,9.055499999999993
0.02,0.023230238095238102
10.04,8.93418666666667
10.32,10.725648333333313
1.6,3.157978333333329
33.65,33.65521666666669
20.63,21.849665714285702
7.6,8.009300000000007
25.6,23.65186333333333
20.65,18.48720833333331
4.6,8.221661904761909
8.64,13.293360238095243
13.06,9.678605714285704
0.17,0.13840833333333327
21.48,35.035623333333305
30.85,39.9753
1.49,2.8457000000000012
13.17,18.003249007936503
13.1,12.64872492063492
22.96,22.539737499999998
0.2,0.20477000000000017
14.33,11.520419999999996
20.18,36.155289285714304
0.01,0.018181468253968266
22.3,21.71106666666664
7.23,11.393500000000008
5.47,4.336214285714284
8.67,7.127733333333326
1.99,20.56073333333334
0.13,0.16258333333333322
4.39,2.495389166666667
24.2,21.450500000000005
18.2,15.80755833333334
7.53,9.90772666666667
23.55,23.439950000000024
11.85,11.415867619047617
0.15,0.76971619047619
11.29,12.127497619047633
3.38,9.957605833333334
44.0,38.49633333333334
1.82,3.7772800000000024
4.1,2.976913333333334
8.84,11.640341666666668
5.11,4.648424999999998
22.13,22.53438000000001
41.93,42.520799999999916
9.61,22.96494500000001
36.6,33.142573333333345
20.11,17.27995
22.3,22.956771666666672
17.3,9.825099999999999
7.52,11.61011000000001
34.63,31.329093333333347
21.6,20.500598333333333
37.82,39.18929999999995
11.54,18.701988809523794
4.52,5.022709523809529
10.7,12.990719999999996
18.62,20.2446773929131
26.12,18.95124337301588
27.7,32.69531333333333
8.2,6.77698753968254
18.5,16.990333333333346
26.02,23.676766666666644
14.0,9.559391666666675
22.18,22.784311666666657
14.88,18.01649444444447
18.6,18.838616666666663
11.81,9.468425000000012
3.7,3.963516666666669
15.3,11.748366666666671
2.64,1.6813000000000005
12.94,12.176275317460322
22.59,40.85931666666668
46.06,48.187900000000006
0.28,2.0284483333333343
9.18,7.283105000000002
11.16,11.085580000000004
9.11,11.77911166666666
6.42,9.092741666666665
36.1,30.27066000000003
4.85,4.90766476190476
8.82,8.650319999999992
41.33,38.75246666666666
58.4,5.736233333333331
17.63,16.841433333333356
14.73,16.464603333333333
26.64,23.886687738095226
3.0,4.619506666666667
23.2,21.657726666666655
18.18,13.652808333333342
25.6,22.394383333333334
1.1,0.9453299999999998
3.31,9.934633333333329
33.68,29.479800000000008
15.51,13.346966666666649
12.69,32.76256666666665
1.7,1.5675500000000009
13.4,10.415899999999995
31.11,29.288586666666692
16.6,26.18226
36.56,22.21664166666668
2.4,2.5760999999999994
8.43,15.594695714285727
10.27,6.100950000000003
4.07,3.484516666666663
0.67,0.9692000000000002
1.23,1.2428933333333338
6.28,10.920558333333329
9.66,9.5799
20.76,16.76238333333332
36.0,34.391366666666656
9.6,6.7126750000000035
22.25,21.084252505806543
9.84,11.441245000000011
36.36,33.625416666666645
5.7,4.61335
4.1,2.8163766666666645
19.82,19.374860833333308
8.97,9.024266904761898
15.66,13.21591785714286
35.22,30.70163266233765
0.9,0.8175000000000006
2.1,1.3672999999999995
4.35,3.9093583333333317
7.77,19.691159682539677
10.42,18.71076666666664
36.65,31.303719999999977
7.33,7.15503952380952
13.02,9.123645000000005
40.7,45.57533333333335
11.15,10.613900000000008
20.4,15.3454
17.95,15.958520595238099
11.02,9.446899999999994
24.85,23.206118333333333
34.7,30.802433333333312
11.08,10.91038833333333
18.4,18.138039999999993
19.25,19.975185952380954
36.46,23.392583333333327
8.6,9.014236666666674
21.22,17.98686765873015
21.2,14.410666666666659
8.8,5.545181190476195
24.23,22.829849999999986
3.1,3.4841599999999975
6.57,6.609
10.0,8.762655119047627
3.44,3.48279
45.74,45.89455
7.92,7.114916666666663
18.2,15.400320000000011
8.19,8.285066666666653
41.5,39.553700000000006
18.2,18.197300000000027
18.18,20.813237380952376
5.9,5.319579047619044
30.3,28.218366666666665
12.63,8.222626666666667
10.53,40.402100000000004
9.64,13.083666349206347
12.01,20.27822906760723
19.6,10.442899999999993
13.3,11.990004999999998
4.14,30.241099999999975
1.27,2.6314657142857145
27.27,35.82955666666667
5.2,2.205915000000005
25.02,17.56200000000001
18.18,17.938091666666672
22.3,20.089433333333332
17.2,10.617199999999979
41.9,37.56154761904761
29.6,27.008992410089917
22.41,23.274433333333327
14.7,11.587788214285728
10.95,12.060666666666675
17.73,13.583020238095235
15.73,16.22261000000001
44.98,39.409850000000006
17.3,16.908624999999983
19.57,25.155041627947963
14.27,8.362245238095241
24.71,22.664641666666668
9.37,9.425966666666666
1.7,1.5891452380952373
5.59,11.679266666666651
16.8,16.574299285714286
7.07,5.5157433333333366
6.8,13.58456666666667
12.75,15.934706666666653
22.21,21.39356666666669
11.53,38.22440000000004
7.84,11.530704285714291
2.1,4.347206666666668
20.76,20.951049999999988
13.59,11.544142499999998
14.55,23.639464166666667
17.5,31.6459
28.79,23.279472142857152
10.66,13.560279999999995
32.77,22.254065952380955
11.15,7.804239166666661
3.67,4.757345714285715
12.51,9.437116666666673
9.2,15.66739666666668
10.7,9.177796666666664
44.88,45.662400000000005
13.8,12.237490000000001
9.33,8.866651428571423
3.5,3.2950733333333324
3.0,5.442699999999998
2.81,2.700639999999998
14.61,17.642746428571428
11.92,14.082099999999992
9.4,6.362099999999999
22.47,22.533158571428565
14.0,14.283805000000005
6.16,32.639056666666704
20.21,20.800199999999997
24.44,22.869766666666692
1.4,2.960816666666668
5.3,7.535382142857145
18.18,17.85363333333333
35.5,37.6438
3.41,2.004197619047618
22.3,23.049555952380956
12.69,13.484736666666674
1.89,1.9449386904761885
33.8,31.220200000000013
27.16,16.18607333333334
14.83,14.171581666666668
10.4,8.493576666666677
22.3,19.74442307600186
7.0,6.523293333333327
11.1,6.619433333333331
57.25,55.817000000000036
11.56,18.846692857142845
11.18,15.158331666666664
14.51,12.867416666666658
14.67,14.469767857142852
32.26,39.11672666666666
6.37,5.399721666666668
6.1,5.109600000000007
0.06,0.057046666666666586
18.2,17.81318500000002
48.75,34.37598000000004
15.01,19.211799999999986
5.14,4.372926666666666
17.97,18.66500835668066
7.25,15.910499999999988
6.38,6.800662881562893
17.56,18.17253226190477
17.35,14.445960000000003
12.83,12.727227380952375
26.0,26.88994999999999
18.2,16.159500000000023
4.57,10.495222222222223
5.6,11.325900000000006
14.9,14.185783333333323
23.82,23.298587619047616
0.17,0.07908699134199133
14.55,18.557399999999987
15.73,21.87465527551566
23.81,18.42760190476192
16.74,20.253260949257523
4.89,31.28525333333334
31.11,29.489499999999992
18.59,12.916417777777774
8.58,16.160000000000004
15.69,12.5216
6.3,2.4798599999999977
18.2,17.076363333333333
9.1,20.676693571428554
22.87,23.051100000000005
3.04,2.564528095238097
5.16,15.648799999999989
44.85,41.2041564285714
14.75,12.786874999999998
18.18,9.42995297619047
15.29,17.26038833333335
7.2,6.554533333333332
0.74,0.7494000000000003
5.2,5.086808744588743
7.7,5.199411666666671
7.21,6.5077239285714334
3.25,2.729317299995758
7.39,7.149803333333336
43.5,44.05590000000004
47.27,46.271559999999994
23.57,20.67469999999997
36.64,23.34682908730159
38.74,39.89740833333332
20.54,28.447259999999982
18.2,18.220740000000028
0.1,0.08572569652569653
41.54,33.888599999999975
8.9,14.516506071428564
0.06,0.08369166666666658
27.15,35.409549999999975
12.91,12.019234444444432
32.4,26.53524999999999
40.79,36.41327999999998
19.0,13.1447
18.18,18.20754333333335
27.1,26.330599999999993
1.32,1.3923866666666669
6.79,4.4914499999999995
9.8,9.145913333333322
8.7,13.766450000000003
20.4,22.829499999999992
2.6,4.560233333333329
29.5,25.983438333333325
13.5,13.512349999999984
3.3,3.4831261904761925
46.48,47.24239166666667
5.8,5.73320833333333
7.7,11.900020000000016
13.07,17.851300000000027
1.1,1.7990999999999986
9.87,14.607199999999999
46.39,44.48474999999994
15.05,13.195861666666653
3.5,5.031999999999993
5.67,10.122600000000013
42.48,43.15684999999997
3.96,4.528236666666665
0.9,1.6346999999999974
14.0,13.025711666666664
21.0,17.479799999999983
9.53,10.8136
39.96,45.00190000000002
12.95,12.98530000000002
19.77,20.53455830547763
4.9,8.461800000000004
4.71,2.5828999999999995
36.87,36.58129999999998
12.6,12.322400000000002
5.08,10.278075000000008
12.81,11.262112500000006
0.07,0.0990622682872683
6.95,6.929528333333337
25.09,34.66085333333332
9.3,6.7794666666666705
20.16,20.05742912489279
17.55,19.67575357142858
27.19,25.45803666666668
35.2,37.77359999999999
26.1,24.330750000000002
1.35,1.41743
12.24,8.337600000000005
34.6,31.32811666666666
18.18,17.067936666666675
34.2,29.649099999999994
11.6,10.972875714285713
11.5,10.223747619047627
11.26,10.84271702380952
46.21,32.925200000000025
22.3,18.693776666666675
23.1,18.838699999999992
18.2,17.28294999999999
10.28,24.75250100802792
5.5,6.108239999999994
0.1,0.09752666666666668
3.85,4.844225000000001
23.73,24.057900000000014
9.1,8.70932
24.75,23.401165958512603
14.25,14.242366666666674
14.43,12.677316666666668
0.42,1.0352
15.2,12.123399999999997
49.52,47.7604
44.1,40.85249999999997
8.5,4.949800000000008
15.6,15.83401000000001
29.25,23.74298321012322
17.85,18.908620000000013
11.19,10.819943333333331
0.21,0.23137500000000025
6.7,21.133826666666685
6.06,7.758383333333328
20.8,23.43204305555555
21.01,35.74300000000001
48.62,42.69586666666667
10.25,11.439439999999992
18.19,17.545519285714292
20.77,21.720206666666655
5.8,5.742723333333336
4.26,4.370633333333328
17.11,25.31349999999999
12.65,10.227500000000006
29.2,25.2953
2.52,2.508600000000001
14.87,11.476902380952385
9.0,7.971008333333333
2.79,2.696103333333336
1.37,3.0551000000000004
5.5,4.005120000000002
0.2,0.21783000000000005
1.02,0.9321216666666672
6.55,12.348716666666668
6.91,6.598025000000002
20.76,22.23433071428571
30.59,24.196966666666686
2.8,10.130925555555557
7.6,14.648010714285737
5.92,6.910874999999999
21.67,28.010373424908416
13.33,13.554657380952369
19.76,25.797949999999993
14.86,12.030479999999988
26.62,18.37862976190476
6.34,6.629621904761902
10.11,9.380583333333336
7.95,10.10110000000001
28.7,25.196738333333325
24.38,32.29255742063493
42.0,40.91470000000003
19.16,17.662274047619047
37.6,35.371700000000004
14.3,11.377829999999994
13.19,13.88139999999999
41.82,44.48949999999994
30.97,32.22936666666667
1.82,1.9042253571428567
4.99,5.661305833333335
10.8,8.90099654761905
25.5,22.75389833333332
3.06,3.3816000000000015
48.2,47.58699999999999
22.08,26.847206666666676
33.48,35.04435666666667
5.1,4.898547142857143
17.94,15.800647857142867
1.94,4.196000000000002
13.6,13.035643333333331
8.1,13.959999999999997
24.3,25.16503333333334
28.4,26.528033333333322
17.12,24.03786833333332
12.7,14.71810476190475
42.89,39.481966666666686
7.85,9.11431000000001
22.8,18.433520714285702
6.17,12.392866666666677
22.5,21.609887575757572
5.61,12.101833809523816
4.1,4.133699999999995
1.2,6.761312857142857
22.3,23.0443
20.16,11.458520833333322
18.18,18.440696666666682
16.7,13.619703333333339
18.18,17.83891833333335
1.89,1.6021549999999989
30.7,31.92857999999999
19.69,42.897100000000066
1.1,1.1012250000000003
18.39,14.198896666666691
30.39,28.798266666666674
49.75,25.73066000000001
3.78,6.582683333333333
2.66,2.530583333333332
47.63,42.51050000000002
14.6,7.936663333333326
14.36,10.733416666666665
9.49,12.483459999999987
23.5,42.148699999999984
16.9,16.081081666666652
0.01,10.715074166666668
24.03,19.788865000000023
3.04,2.7947444047619046
20.88,8.487684047619046
14.88,13.130899999999983
2.7,1.9074499999999999
0.15,0.18101999999999982
7.3,14.15410000000001
18.37,16.349612857142855
23.92,26.94956
6.0,5.658821666666667
5.78,10.07149
45.9,38.77488333333335
21.51,30.305555000000005
16.98,41.44395
34.66,33.267916666666636
27.99,17.027379961957976
2.88,2.4935499999999995
0.4,0.2919850000000001
14.92,8.729983333333323
18.18,16.35882321428571
44.66,45.23509999999996
8.4,8.55741333333334
8.25,8.417958333333337
36.27,23.258738773105005
34.83,31.307649999999995
1.8,2.8623357142857175
16.17,12.392280000000005
14.69,14.5096
1.2,1.0539000000000003
22.58,17.442030000000006
12.65,9.886304166666664
10.27,17.070699999999995
7.46,11.72087666666668
4.64,4.261199999999994
14.45,6.444683333333342
5.7,5.416848333333328
36.36,33.82343333333335
4.6,3.5308000000000015
0.1,0.2163666666666667
11.85,11.333876428571429
2.21,2.1124166666666655
9.23,8.599580000000001
23.84,22.53680833333333
29.1,30.497225000000036
8.74,7.535999999999998
15.06,25.230867865698606
26.81,25.319058333333356
24.09,24.14910000000001
8.0,5.701133333333334
11.63,11.030195
9.68,8.084150000000003
0.3,0.16174857142857138
18.2,16.942600000000006
0.49,0.13749166666666662
8.92,15.106216666666677
4.8,6.393760000000001
0.2,0.26329333333333366
8.75,9.867629999999993
13.06,20.572220000000012
17.81,20.74724
5.9,0.02192150294150294
9.16,7.59664999999999
11.03,7.062791666666669
29.78,28.016503174603162
5.96,6.700290000000001
24.1,21.38160000000002
12.32,6.630299999999997
22.57,15.343078095238095
10.59,6.2613000000000065
13.64,20.253260949257523
11.19,6.785440000000005
10.31,6.924712857142863
9.9,9.746928333333335
42.0,30.767799999999987
9.54,36.11855499999999
20.76,17.05535000000001
5.77,4.878229999999999
5.6,3.082066666666668
13.9,6.924743333333342
17.87,15.864331666666672
3.88,4.1745649999999985
22.94,22.14645833333334
22.7,31.28883999999994
6.98,10.810626666666668
4.28,3.956883333333327
19.04,32.43730747474748
45.45,41.82853666666665
39.27,38.84439999999996
53.35,29.081399999999995
0.1,0.12111753968253978
24.93,23.38411166666666
0.03,0.09277464285714285
1.32,2.6575999999999986
5.1,6.527435000000001
20.76,20.005491666666664
31.53,29.312357612110105
11.53,14.087909761904758
4.29,4.966264999999998
17.26,16.8000742063492
32.16,23.992003333333336
20.8,19.21600000000001
18.75,16.634549999999976
12.82,12.176275317460322
4.95,4.701248333333333
12.81,6.730481666666663
29.57,28.03985798131693
8.11,4.740099999999998
23.3,23.326000000000032
4.62,5.7943999999999996
32.35,30.02362499999996
8.7,17.049791666666675
9.3,30.40105000000002
22.3,16.07681071428572
12.7,20.37764285714285
11.31,17.034910714285708
10.45,10.515475000000011
1.49,1.3596400000000006
12.67,12.728558333333336
44.07,40.15159999999997
2.55,4.265366666666667
28.3,20.00719999999999
9.35,23.404830740493438
15.23,14.189200000000007
10.77,17.203908571428588
37.79,37.0822
39.26,29.591416666666674
24.3,23.30959666666667
20.99,20.167140000000003
8.9,15.006433333333346
18.2,17.72750833333333
12.5,13.125256415251418
10.31,24.293686666666666
7.7,8.574426666666664
18.2,17.73438333333336
11.6,22.290866666666656
6.76,4.445643333333333
2.7,2.8402400000000005
11.04,8.887599999999999
26.0,21.99423166666666
0.11,0.10173833333333342
9.75,8.5898988888889
22.15,29.215975714285722
9.68,23.397070000000006
2.81,3.8415249999999945
3.81,2.9383771428571417
12.0,17.602333333333316
23.81,23.77469999999997
14.95,14.956740476190499
9.9,10.711044999999999
15.26,23.401165958512603
33.87,33.843966666666695
9.0,8.23080000000001
7.52,7.126039999999996
29.91,25.72240000000001
35.33,34.87370000000003
14.6,9.650783333333328
14.29,12.317433333333334
0.1,0.16063571428571422
30.64,29.720723333333318
9.14,5.809177777777777
3.72,3.517710595238096
35.66,32.69750476190473
17.08,14.680575000000003
2.0,2.115835000000001
22.0,18.979616666666644
18.46,18.9939
7.03,19.06804488650382
32.8,33.38230000000003
32.6,28.799353333333343
14.9,11.937899999999999
25.0,28.482200000000002
3.47,3.2327499999999993
41.2,38.22979999999997
0.25,0.15923928571428558
21.4,23.745500000000014
3.23,7.470098333333332
1.14,3.284066666666666
2.43,3.8827399999999983
21.79,22.637966666666653
6.99,6.846103571428569
27.59,29.03260000000003
12.66,12.772848333333313
8.07,17.204916666666687
28.86,17.712720965104275
23.64,21.40613928571428
11.47,7.772156666666665
11.28,11.234810349927843
29.0,23.85890666666667
33.44,30.16413499999997
6.89,6.539424999999991
0.1,0.10775809523809514
58.16,40.76643333333335
18.18,17.794340476190467
21.0,19.52755000000001
10.09,10.715074166666668
21.2,20.121950000000016
20.89,22.1527
19.11,16.803623730158744
10.77,7.5014
37.17,31.07129999999998
4.1,17.539236309523844
15.15,13.958829166666655
18.18,17.180586666666684
15.9,42.27404749999999
6.35,8.147799999999997
16.32,14.882699999999986
6.4,6.2501869047619065
36.4,30.68723333333334
10.2,10.132559523809523
18.2,17.881482261904747
8.4,19.96162563492063
3.1,5.44487
12.76,12.391173809523815
34.75,20.459199999999996
8.28,5.916654365079362
39.34,38.61960000000001
18.2,18.20000000000003
18.47,10.004600000000003
12.57,11.103499999999995
11.88,10.55485476190476
42.0,35.9035
11.98,11.044010000000007
9.8,9.824996666666665
9.83,13.301095
12.7,11.426400000000012
30.79,29.676200000000012
19.38,18.701200000000018
9.0,7.7850600000000085
27.2,20.7558169047619
4.03,10.725850000000005
16.42,9.455733333333319
0.2,0.1669428571428572
37.2,34.38749999999999
0.87,1.4588283333333334
4.34,5.070359047619043
22.3,22.00081999999999
11.1,10.402019999999984
32.89,37.684900000000034
5.13,26.130364126541654
24.65,22.145721694139226
15.98,15.18500238095238
18.51,20.016064307359315
21.95,17.59896948412699
33.29,31.969100000000005
17.6,19.44554999999999
24.05,21.923186666666666
12.65,12.265946666666665
47.19,44.66200000000001
42.1,45.647
35.71,22.893919166666663
9.1,17.633599999999994
5.7,6.747600000000003
16.99,21.541749999999983
9.84,8.003416666666675
11.2,11.05092666666667
11.4,20.0459
0.88,0.9186666666666662
43.1,45.36662499999995
12.38,20.775972354149882
5.81,8.157735238095238
7.18,5.398349999999997
12.2,11.199583333333333
21.4,12.96558571428572
27.14,26.99276666666666
12.5,9.481519999999996
6.57,8.910338095238101
9.09,8.164599999999993
33.27,30.547800000000002
7.5,13.929400000000012
3.4,3.3306383333333334
33.26,28.746393333333327
21.92,23.150680952380938
18.18,17.415413333333348
9.83,9.991574999999994
29.3,25.249150000000014
19.65,26.57336903508773
6.02,8.740018333333344
3.12,3.155518333333337
4.58,2.4966500000000016
8.8,11.690723333333331
18.71,16.304707777777754
35.3,36.456299999999935
0.04,6.023825555555554
22.3,20.904
24.83,22.020256666666665
4.11,6.120833333333322
13.53,22.113053627989594
16.78,13.300710119047615
18.66,17.20260083333334
20.07,17.13271833333333
17.06,14.968972222222202
14.5,17.21037499999998
10.9,11.848625952380958
1.93,3.039099999999999
16.88,20.923965476190478
33.1,29.279850000000007
47.24,45.8379
22.3,19.891600000000004
20.36,20.778752499999996
24.1,20.89993333333332
18.44,18.021050000000024
9.0,4.231202142857143
15.31,11.385795
14.4,13.458733333333335
14.4,0.1555799999999998
5.19,4.9626600000000005
5.1,5.553725000000002
16.57,16.16442500000001
37.56,37.14292833333331
14.81,16.06196000000001
9.37,14.631226587301585
9.2,11.229399999999991
2.5,2.380993333333335
19.6,18.923316666666658
31.4,20.519643816738814
18.02,14.60179999999999
19.73,19.13145833333333
10.73,10.168654285714288
31.17,25.572017696372253
4.53,3.822733333333338
4.3,3.619763333333332
9.1,7.5101999999999975
4.28,8.403899999999998
51.57,37.65458624070373
15.85,20.15893642857144
7.11,10.407799999999995
57.65,41.53480000000004
14.03,13.006322142857135
46.5,30.98099999999996
12.71,4.123425000000003
18.59,17.15967166666664
20.5,10.954416666666663
3.38,3.5565866666666692
3.4,6.31061666666666
13.31,13.186595000000004
4.71,5.297933333333329
0.12,0.1083220238095238
44.8,36.393538333333346
0.1,0.09285435897435886
50.04,47.68169999999999
15.61,19.596132802789754
8.9,12.138849999999996
11.02,10.228833333333334
0.17,0.22333095238095235
26.2,23.444000000000006
39.9,38.092493333333344
44.18,44.34470000000001
15.7,16.442461666666667
0.54,0.9260200000000002
10.81,10.888924999999983
0.1,14.21196071428572
30.42,30.416833333333365
12.09,10.132260764790766
3.5,3.4831261904761925
12.74,5.207166666666663
16.38,17.219126666666682
45.48,26.926583928571418
23.88,28.644508333333334
8.7,7.727483333333332
7.06,6.459391666666669
6.67,6.539645952380942
23.35,13.420479117647057
32.62,27.44087839889364
11.42,15.818305952380973
8.1,14.930851666666674
18.7,14.625983333333334
4.9,3.81734285714286
1.1,3.155518333333337
49.85,49.46950000000007
16.73,17.144796666666682
22.3,20.45673333333336
14.64,18.819247942612943
22.3,17.47987500000001
19.42,16.805833333333336
5.7,5.161733333333331
7.22,7.922500000000002
32.66,24.468023333333353
4.71,5.956475000000003
20.0,19.89723333333334
6.79,9.31762238095238
13.67,10.323724285714288
9.4,8.84456999999999
1.62,1.3621215151515171
2.33,14.015200000000018
8.47,5.253973333333329
13.48,13.438130000000015
12.7,17.98686765873015
0.68,1.3185300000000015
9.3,11.733640000000005
21.6,21.02839809523808
20.04,19.799833333333346
22.4,20.663150714285734
50.0,44.47336666666667
24.6,25.230867865698606
22.68,23.823479523809528
7.96,11.648409880952377
6.78,8.005627777777772
